[
{
  "model": "accounts.specialization",
  "pk": 1,
  "fields": {
    "specialty_code": "54321",
    "specialty_name": "\u041a\u043e\u043c\u043f\u044c\u044e\u0442\u0435\u0440\u043d\u044b\u0435 \u041d\u0430\u0443\u043a\u0438"
  }
},
{
  "model": "accounts.specialization",
  "pk": 2,
  "fields": {
    "specialty_code": "12345",
    "specialty_name": "\u0414\u0438\u0437\u0430\u0439\u043d"
  }
},
{
  "model": "accounts.course",
  "pk": 1,
  "fields": {
    "date_enrollment": "2016-09-01",
    "specialization_id": 1
  }
},
{
  "model": "accounts.course",
  "pk": 2,
  "fields": {
    "date_enrollment": "2016-09-01",
    "specialization_id": 2
  }
},
{
  "model": "accounts.course",
  "pk": 3,
  "fields": {
    "date_enrollment": "2017-09-01",
    "specialization_id": 2
  }
},
{
  "model": "accounts.course",
  "pk": 4,
  "fields": {
    "date_enrollment": "2017-09-01",
    "specialization_id": 1
  }
},
{
  "model": "accounts.course",
  "pk": 5,
  "fields": {
    "date_enrollment": "2018-09-01",
    "specialization_id": 2
  }
},
{
  "model": "accounts.course",
  "pk": 6,
  "fields": {
    "date_enrollment": "2018-09-01",
    "specialization_id": 1
  }
},
{
  "model": "accounts.course",
  "pk": 7,
  "fields": {
    "date_enrollment": "2019-09-01",
    "specialization_id": 2
  }
},
{
  "model": "accounts.course",
  "pk": 8,
  "fields": {
    "date_enrollment": "2019-09-01",
    "specialization_id": 1
  }
},
{
  "model": "accounts.group",
  "pk": 1,
  "fields": {
    "number": 2,
    "date_of_creation": "2020-04-27",
    "course_id": 1
  }
},
{
  "model": "accounts.group",
  "pk": 2,
  "fields": {
    "number": 1,
    "date_of_creation": "2020-04-27",
    "course_id": 1
  }
},
{
  "model": "accounts.group",
  "pk": 3,
  "fields": {
    "number": 1,
    "date_of_creation": "2020-04-27",
    "course_id": 2
  }
},
{
  "model": "accounts.group",
  "pk": 4,
  "fields": {
    "number": 2,
    "date_of_creation": "2020-04-27",
    "course_id": 2
  }
},
{
  "model": "accounts.group",
  "pk": 5,
  "fields": {
    "number": 1,
    "date_of_creation": "2020-04-27",
    "course_id": 3
  }
},
{
  "model": "accounts.group",
  "pk": 6,
  "fields": {
    "number": 2,
    "date_of_creation": "2020-04-27",
    "course_id": 3
  }
},
{
  "model": "accounts.group",
  "pk": 7,
  "fields": {
    "number": 1,
    "date_of_creation": "2020-04-27",
    "course_id": 4
  }
},
{
  "model": "accounts.group",
  "pk": 8,
  "fields": {
    "number": 2,
    "date_of_creation": "2020-04-27",
    "course_id": 4
  }
},
{
  "model": "contenttypes.contenttype",
  "pk": 1,
  "fields": {
    "app_label": "accounts",
    "model": "user"
  }
},
{
  "model": "contenttypes.contenttype",
  "pk": 2,
  "fields": {
    "app_label": "accounts",
    "model": "course"
  }
},
{
  "model": "contenttypes.contenttype",
  "pk": 3,
  "fields": {
    "app_label": "accounts",
    "model": "specialization"
  }
},
{
  "model": "contenttypes.contenttype",
  "pk": 4,
  "fields": {
    "app_label": "accounts",
    "model": "subject"
  }
},
{
  "model": "contenttypes.contenttype",
  "pk": 5,
  "fields": {
    "app_label": "accounts",
    "model": "recordbook"
  }
},
{
  "model": "contenttypes.contenttype",
  "pk": 6,
  "fields": {
    "app_label": "accounts",
    "model": "group"
  }
},
{
  "model": "contenttypes.contenttype",
  "pk": 7,
  "fields": {
    "app_label": "ejournal",
    "model": "control_type"
  }
},
{
  "model": "contenttypes.contenttype",
  "pk": 8,
  "fields": {
    "app_label": "ejournal",
    "model": "topic"
  }
},
{
  "model": "contenttypes.contenttype",
  "pk": 9,
  "fields": {
    "app_label": "ejournal",
    "model": "requiredjournal"
  }
},
{
  "model": "contenttypes.contenttype",
  "pk": 10,
  "fields": {
    "app_label": "ejournal",
    "model": "mark"
  }
},
{
  "model": "contenttypes.contenttype",
  "pk": 11,
  "fields": {
    "app_label": "ejournal",
    "model": "attendance"
  }
},
{
  "model": "contenttypes.contenttype",
  "pk": 12,
  "fields": {
    "app_label": "admin",
    "model": "logentry"
  }
},
{
  "model": "contenttypes.contenttype",
  "pk": 13,
  "fields": {
    "app_label": "auth",
    "model": "permission"
  }
},
{
  "model": "contenttypes.contenttype",
  "pk": 14,
  "fields": {
    "app_label": "auth",
    "model": "group"
  }
},
{
  "model": "contenttypes.contenttype",
  "pk": 15,
  "fields": {
    "app_label": "contenttypes",
    "model": "contenttype"
  }
},
{
  "model": "contenttypes.contenttype",
  "pk": 16,
  "fields": {
    "app_label": "sessions",
    "model": "session"
  }
},
{
  "model": "sessions.session",
  "pk": "1mpkchjj73eo5p1re93ydtam8zptk8vn",
  "fields": {
    "session_data": "ODAzZTc4YTAxYTI0ZmQ1YTVmNjc2ODJmNDY2NDA3NzEzZTBjYzk5Yzp7Il9hdXRoX3VzZXJfaWQiOiIxIiwiX2F1dGhfdXNlcl9iYWNrZW5kIjoiZGphbmdvLmNvbnRyaWIuYXV0aC5iYWNrZW5kcy5Nb2RlbEJhY2tlbmQiLCJfYXV0aF91c2VyX2hhc2giOiJjMmNjZjgxNjUyMjg5MTIwMDU4MWI0MjE0MzVjZTZhODU5ODY2MGUwIn0=",
    "expire_date": "2020-05-11T12:43:45.270Z"
  }
},
{
  "model": "sessions.session",
  "pk": "o2faclgvnesre26xhou1up3avpk8lrkh",
  "fields": {
    "session_data": "MTQ5OWIzNWE5NTMxMDkyNDI5YTdmNmVlNzViZjRlMWEzOTU3OGQwMTp7Il9hdXRoX3VzZXJfaWQiOiIyIiwiX2F1dGhfdXNlcl9iYWNrZW5kIjoiZGphbmdvLmNvbnRyaWIuYXV0aC5iYWNrZW5kcy5Nb2RlbEJhY2tlbmQiLCJfYXV0aF91c2VyX2hhc2giOiJhODlhZGU2OGNmZjAwZTU5MDg2OTIxMDg5MDgwZWE5NWUyNTAxM2MzIn0=",
    "expire_date": "2020-05-11T09:13:45.607Z"
  }
},
{
  "model": "auth.permission",
  "pk": 1,
  "fields": {
    "name": "Can add \u041f\u043e\u043b\u044c\u0437\u043e\u0432\u0430\u0442\u0435\u043b\u044c",
    "content_type": 1,
    "codename": "add_user"
  }
},
{
  "model": "auth.permission",
  "pk": 2,
  "fields": {
    "name": "Can change \u041f\u043e\u043b\u044c\u0437\u043e\u0432\u0430\u0442\u0435\u043b\u044c",
    "content_type": 1,
    "codename": "change_user"
  }
},
{
  "model": "auth.permission",
  "pk": 3,
  "fields": {
    "name": "Can delete \u041f\u043e\u043b\u044c\u0437\u043e\u0432\u0430\u0442\u0435\u043b\u044c",
    "content_type": 1,
    "codename": "delete_user"
  }
},
{
  "model": "auth.permission",
  "pk": 4,
  "fields": {
    "name": "Can view \u041f\u043e\u043b\u044c\u0437\u043e\u0432\u0430\u0442\u0435\u043b\u044c",
    "content_type": 1,
    "codename": "view_user"
  }
},
{
  "model": "auth.permission",
  "pk": 5,
  "fields": {
    "name": "Can add \u041a\u0443\u0440\u0441",
    "content_type": 2,
    "codename": "add_course"
  }
},
{
  "model": "auth.permission",
  "pk": 6,
  "fields": {
    "name": "Can change \u041a\u0443\u0440\u0441",
    "content_type": 2,
    "codename": "change_course"
  }
},
{
  "model": "auth.permission",
  "pk": 7,
  "fields": {
    "name": "Can delete \u041a\u0443\u0440\u0441",
    "content_type": 2,
    "codename": "delete_course"
  }
},
{
  "model": "auth.permission",
  "pk": 8,
  "fields": {
    "name": "Can view \u041a\u0443\u0440\u0441",
    "content_type": 2,
    "codename": "view_course"
  }
},
{
  "model": "auth.permission",
  "pk": 9,
  "fields": {
    "name": "Can add \u0421\u043f\u0435\u0446\u0438\u0430\u043b\u0438\u0437\u0430\u0446\u0438\u044f",
    "content_type": 3,
    "codename": "add_specialization"
  }
},
{
  "model": "auth.permission",
  "pk": 10,
  "fields": {
    "name": "Can change \u0421\u043f\u0435\u0446\u0438\u0430\u043b\u0438\u0437\u0430\u0446\u0438\u044f",
    "content_type": 3,
    "codename": "change_specialization"
  }
},
{
  "model": "auth.permission",
  "pk": 11,
  "fields": {
    "name": "Can delete \u0421\u043f\u0435\u0446\u0438\u0430\u043b\u0438\u0437\u0430\u0446\u0438\u044f",
    "content_type": 3,
    "codename": "delete_specialization"
  }
},
{
  "model": "auth.permission",
  "pk": 12,
  "fields": {
    "name": "Can view \u0421\u043f\u0435\u0446\u0438\u0430\u043b\u0438\u0437\u0430\u0446\u0438\u044f",
    "content_type": 3,
    "codename": "view_specialization"
  }
},
{
  "model": "auth.permission",
  "pk": 13,
  "fields": {
    "name": "Can add \u041f\u0440\u0435\u0434\u043c\u0435\u0442",
    "content_type": 4,
    "codename": "add_subject"
  }
},
{
  "model": "auth.permission",
  "pk": 14,
  "fields": {
    "name": "Can change \u041f\u0440\u0435\u0434\u043c\u0435\u0442",
    "content_type": 4,
    "codename": "change_subject"
  }
},
{
  "model": "auth.permission",
  "pk": 15,
  "fields": {
    "name": "Can delete \u041f\u0440\u0435\u0434\u043c\u0435\u0442",
    "content_type": 4,
    "codename": "delete_subject"
  }
},
{
  "model": "auth.permission",
  "pk": 16,
  "fields": {
    "name": "Can view \u041f\u0440\u0435\u0434\u043c\u0435\u0442",
    "content_type": 4,
    "codename": "view_subject"
  }
},
{
  "model": "auth.permission",
  "pk": 17,
  "fields": {
    "name": "Can add \u0417\u0430\u0447\u0435\u0442\u043d\u0430\u044f \u043a\u043d\u0438\u0436\u043a\u0430",
    "content_type": 5,
    "codename": "add_recordbook"
  }
},
{
  "model": "auth.permission",
  "pk": 18,
  "fields": {
    "name": "Can change \u0417\u0430\u0447\u0435\u0442\u043d\u0430\u044f \u043a\u043d\u0438\u0436\u043a\u0430",
    "content_type": 5,
    "codename": "change_recordbook"
  }
},
{
  "model": "auth.permission",
  "pk": 19,
  "fields": {
    "name": "Can delete \u0417\u0430\u0447\u0435\u0442\u043d\u0430\u044f \u043a\u043d\u0438\u0436\u043a\u0430",
    "content_type": 5,
    "codename": "delete_recordbook"
  }
},
{
  "model": "auth.permission",
  "pk": 20,
  "fields": {
    "name": "Can view \u0417\u0430\u0447\u0435\u0442\u043d\u0430\u044f \u043a\u043d\u0438\u0436\u043a\u0430",
    "content_type": 5,
    "codename": "view_recordbook"
  }
},
{
  "model": "auth.permission",
  "pk": 21,
  "fields": {
    "name": "Can add \u0413\u0440\u0443\u043f\u043f\u0430",
    "content_type": 6,
    "codename": "add_group"
  }
},
{
  "model": "auth.permission",
  "pk": 22,
  "fields": {
    "name": "Can change \u0413\u0440\u0443\u043f\u043f\u0430",
    "content_type": 6,
    "codename": "change_group"
  }
},
{
  "model": "auth.permission",
  "pk": 23,
  "fields": {
    "name": "Can delete \u0413\u0440\u0443\u043f\u043f\u0430",
    "content_type": 6,
    "codename": "delete_group"
  }
},
{
  "model": "auth.permission",
  "pk": 24,
  "fields": {
    "name": "Can view \u0413\u0440\u0443\u043f\u043f\u0430",
    "content_type": 6,
    "codename": "view_group"
  }
},
{
  "model": "auth.permission",
  "pk": 25,
  "fields": {
    "name": "Can add \u0422\u0438\u043f \u043a\u043e\u043d\u0442\u0440\u043e\u043b\u044f",
    "content_type": 7,
    "codename": "add_control_type"
  }
},
{
  "model": "auth.permission",
  "pk": 26,
  "fields": {
    "name": "Can change \u0422\u0438\u043f \u043a\u043e\u043d\u0442\u0440\u043e\u043b\u044f",
    "content_type": 7,
    "codename": "change_control_type"
  }
},
{
  "model": "auth.permission",
  "pk": 27,
  "fields": {
    "name": "Can delete \u0422\u0438\u043f \u043a\u043e\u043d\u0442\u0440\u043e\u043b\u044f",
    "content_type": 7,
    "codename": "delete_control_type"
  }
},
{
  "model": "auth.permission",
  "pk": 28,
  "fields": {
    "name": "Can view \u0422\u0438\u043f \u043a\u043e\u043d\u0442\u0440\u043e\u043b\u044f",
    "content_type": 7,
    "codename": "view_control_type"
  }
},
{
  "model": "auth.permission",
  "pk": 29,
  "fields": {
    "name": "Can add \u0422\u0435\u043c\u0430",
    "content_type": 8,
    "codename": "add_topic"
  }
},
{
  "model": "auth.permission",
  "pk": 30,
  "fields": {
    "name": "Can change \u0422\u0435\u043c\u0430",
    "content_type": 8,
    "codename": "change_topic"
  }
},
{
  "model": "auth.permission",
  "pk": 31,
  "fields": {
    "name": "Can delete \u0422\u0435\u043c\u0430",
    "content_type": 8,
    "codename": "delete_topic"
  }
},
{
  "model": "auth.permission",
  "pk": 32,
  "fields": {
    "name": "Can view \u0422\u0435\u043c\u0430",
    "content_type": 8,
    "codename": "view_topic"
  }
},
{
  "model": "auth.permission",
  "pk": 33,
  "fields": {
    "name": "Can add required journal",
    "content_type": 9,
    "codename": "add_requiredjournal"
  }
},
{
  "model": "auth.permission",
  "pk": 34,
  "fields": {
    "name": "Can change required journal",
    "content_type": 9,
    "codename": "change_requiredjournal"
  }
},
{
  "model": "auth.permission",
  "pk": 35,
  "fields": {
    "name": "Can delete required journal",
    "content_type": 9,
    "codename": "delete_requiredjournal"
  }
},
{
  "model": "auth.permission",
  "pk": 36,
  "fields": {
    "name": "Can view required journal",
    "content_type": 9,
    "codename": "view_requiredjournal"
  }
},
{
  "model": "auth.permission",
  "pk": 37,
  "fields": {
    "name": "Can add \u041e\u0446\u0435\u043d\u043a\u0430",
    "content_type": 10,
    "codename": "add_mark"
  }
},
{
  "model": "auth.permission",
  "pk": 38,
  "fields": {
    "name": "Can change \u041e\u0446\u0435\u043d\u043a\u0430",
    "content_type": 10,
    "codename": "change_mark"
  }
},
{
  "model": "auth.permission",
  "pk": 39,
  "fields": {
    "name": "Can delete \u041e\u0446\u0435\u043d\u043a\u0430",
    "content_type": 10,
    "codename": "delete_mark"
  }
},
{
  "model": "auth.permission",
  "pk": 40,
  "fields": {
    "name": "Can view \u041e\u0446\u0435\u043d\u043a\u0430",
    "content_type": 10,
    "codename": "view_mark"
  }
},
{
  "model": "auth.permission",
  "pk": 41,
  "fields": {
    "name": "Can add \u041f\u043e\u0441\u0435\u0449\u0435\u043d\u0438\u0435",
    "content_type": 11,
    "codename": "add_attendance"
  }
},
{
  "model": "auth.permission",
  "pk": 42,
  "fields": {
    "name": "Can change \u041f\u043e\u0441\u0435\u0449\u0435\u043d\u0438\u0435",
    "content_type": 11,
    "codename": "change_attendance"
  }
},
{
  "model": "auth.permission",
  "pk": 43,
  "fields": {
    "name": "Can delete \u041f\u043e\u0441\u0435\u0449\u0435\u043d\u0438\u0435",
    "content_type": 11,
    "codename": "delete_attendance"
  }
},
{
  "model": "auth.permission",
  "pk": 44,
  "fields": {
    "name": "Can view \u041f\u043e\u0441\u0435\u0449\u0435\u043d\u0438\u0435",
    "content_type": 11,
    "codename": "view_attendance"
  }
},
{
  "model": "auth.permission",
  "pk": 45,
  "fields": {
    "name": "Can add log entry",
    "content_type": 12,
    "codename": "add_logentry"
  }
},
{
  "model": "auth.permission",
  "pk": 46,
  "fields": {
    "name": "Can change log entry",
    "content_type": 12,
    "codename": "change_logentry"
  }
},
{
  "model": "auth.permission",
  "pk": 47,
  "fields": {
    "name": "Can delete log entry",
    "content_type": 12,
    "codename": "delete_logentry"
  }
},
{
  "model": "auth.permission",
  "pk": 48,
  "fields": {
    "name": "Can view log entry",
    "content_type": 12,
    "codename": "view_logentry"
  }
},
{
  "model": "auth.permission",
  "pk": 49,
  "fields": {
    "name": "Can add permission",
    "content_type": 13,
    "codename": "add_permission"
  }
},
{
  "model": "auth.permission",
  "pk": 50,
  "fields": {
    "name": "Can change permission",
    "content_type": 13,
    "codename": "change_permission"
  }
},
{
  "model": "auth.permission",
  "pk": 51,
  "fields": {
    "name": "Can delete permission",
    "content_type": 13,
    "codename": "delete_permission"
  }
},
{
  "model": "auth.permission",
  "pk": 52,
  "fields": {
    "name": "Can view permission",
    "content_type": 13,
    "codename": "view_permission"
  }
},
{
  "model": "auth.permission",
  "pk": 53,
  "fields": {
    "name": "Can add group",
    "content_type": 14,
    "codename": "add_group"
  }
},
{
  "model": "auth.permission",
  "pk": 54,
  "fields": {
    "name": "Can change group",
    "content_type": 14,
    "codename": "change_group"
  }
},
{
  "model": "auth.permission",
  "pk": 55,
  "fields": {
    "name": "Can delete group",
    "content_type": 14,
    "codename": "delete_group"
  }
},
{
  "model": "auth.permission",
  "pk": 56,
  "fields": {
    "name": "Can view group",
    "content_type": 14,
    "codename": "view_group"
  }
},
{
  "model": "auth.permission",
  "pk": 57,
  "fields": {
    "name": "Can add content type",
    "content_type": 15,
    "codename": "add_contenttype"
  }
},
{
  "model": "auth.permission",
  "pk": 58,
  "fields": {
    "name": "Can change content type",
    "content_type": 15,
    "codename": "change_contenttype"
  }
},
{
  "model": "auth.permission",
  "pk": 59,
  "fields": {
    "name": "Can delete content type",
    "content_type": 15,
    "codename": "delete_contenttype"
  }
},
{
  "model": "auth.permission",
  "pk": 60,
  "fields": {
    "name": "Can view content type",
    "content_type": 15,
    "codename": "view_contenttype"
  }
},
{
  "model": "auth.permission",
  "pk": 61,
  "fields": {
    "name": "Can add session",
    "content_type": 16,
    "codename": "add_session"
  }
},
{
  "model": "auth.permission",
  "pk": 62,
  "fields": {
    "name": "Can change session",
    "content_type": 16,
    "codename": "change_session"
  }
},
{
  "model": "auth.permission",
  "pk": 63,
  "fields": {
    "name": "Can delete session",
    "content_type": 16,
    "codename": "delete_session"
  }
},
{
  "model": "auth.permission",
  "pk": 64,
  "fields": {
    "name": "Can view session",
    "content_type": 16,
    "codename": "view_session"
  }
},
{
  "model": "accounts.user",
  "pk": 1,
  "fields": {
    "password": "pbkdf2_sha256$150000$QmuLvFNLbgv8$iq8oeR+c7KYOvHkdnb4pRICOjadQyFNM7Cfi7e3vu3Q=",
    "user_type": 2,
    "email": "admin@admin.com",
    "first_name": "Admin",
    "second_name": "Admin",
    "middle_name": "Admin",
    "avatar": "",
    "gender": "other",
    "birthday": null,
    "education": null,
    "phone_number": "",
    "data_joined": "2020-04-27T09:06:40.421Z",
    "last_login": "2020-04-27",
    "group": null,
    "job_position": null,
    "active": true,
    "staff": true,
    "admin": true,
    "superuser": true,
    "groups": [],
    "user_permissions": []
  }
},
{
  "model": "accounts.user",
  "pk": 2,
  "fields": {
    "password": "pbkdf2_sha256$150000$FGFUGGicNjDC$tm5pbJkKraWMY3o3lbir3Toz8+e8U68DGaEZPnDYSpk=",
    "user_type": 1,
    "email": "prep@mail.com",
    "first_name": "\u041d\u0438\u043a\u043e\u043b\u0430\u0439",
    "second_name": "\u0422\u043e\u043b\u0441\u0442\u043e\u0439",
    "middle_name": "\u0410\u043b\u0435\u043a\u0441\u0430\u043d\u0434\u0440\u043e\u0432\u0438\u0447",
    "avatar": "",
    "gender": "male",
    "birthday": null,
    "education": 4,
    "phone_number": "",
    "data_joined": "2020-04-27T09:09:51.567Z",
    "last_login": "2020-04-27",
    "group": null,
    "job_position": null,
    "active": true,
    "staff": true,
    "admin": false,
    "superuser": false,
    "groups": [],
    "user_permissions": []
  }
},
{
  "model": "accounts.user",
  "pk": 3,
  "fields": {
    "password": "pbkdf2_sha256$150000$ufhUyxARIDjI$kyUaP1ATARWAUEmOKnhb9tUpobw0+4hRMzC20Y9tkYg=",
    "user_type": 0,
    "email": "naumcov1998@gmail.com",
    "first_name": "\u0420\u043e\u043c\u0430\u043d",
    "second_name": "\u041d\u0430\u0443\u043c\u0446\u043e\u0432",
    "middle_name": "\u0421\u0435\u0440\u0433\u0435\u0435\u0432\u0438\u0447",
    "avatar": "",
    "gender": "0",
    "birthday": null,
    "education": 2,
    "phone_number": "",
    "data_joined": "2020-04-27T09:10:45.839Z",
    "last_login": "2020-04-27",
    "group": 1,
    "job_position": null,
    "active": true,
    "staff": false,
    "admin": false,
    "superuser": false,
    "groups": [],
    "user_permissions": []
  }
},
{
  "model": "accounts.user",
  "pk": 4,
  "fields": {
    "password": "pbkdf2_sha256$150000$qyB2kdFBw14I$zTPlE2tgmi57Nk6wT7mooRQoZdLccTADwa0F6GCfWSM=",
    "user_type": 0,
    "email": "PB@mail.com",
    "first_name": "\u041f\u043e\u043b\u0438\u043d\u0430",
    "second_name": "\u0411\u043e\u0433\u0430\u0439\u0447\u0443\u043a",
    "middle_name": "\u0421\u0435\u0440\u0433\u0435\u0435\u0432\u043d\u0430",
    "avatar": "",
    "gender": "female",
    "birthday": null,
    "education": 2,
    "phone_number": "",
    "data_joined": "2020-04-27T12:46:43.500Z",
    "last_login": "2020-04-27",
    "group": 1,
    "job_position": null,
    "active": true,
    "staff": false,
    "admin": false,
    "superuser": false,
    "groups": [],
    "user_permissions": []
  }
},
{
  "model": "accounts.user",
  "pk": 5,
  "fields": {
    "password": "pbkdf2_sha256$150000$r93iVtLsFSCr$M8jHDkFh67m9Z0mCZaU/EeTdtRza2Lc7U5f+tk1yTOE=",
    "user_type": 0,
    "email": "sv@mail.com",
    "first_name": "\u0421\u0442\u0430\u043d\u0438\u0441\u043b\u0430\u0432",
    "second_name": "\u0412\u0430\u0445\u043d\u043e\u0432",
    "middle_name": "\u0421\u0442\u0430\u043d\u0438\u0441\u043b\u0430\u0432\u043e\u0432\u0438\u0447",
    "avatar": "",
    "gender": "male",
    "birthday": null,
    "education": 2,
    "phone_number": "",
    "data_joined": "2020-04-27T12:47:52.071Z",
    "last_login": "2020-04-27",
    "group": 1,
    "job_position": null,
    "active": true,
    "staff": false,
    "admin": false,
    "superuser": false,
    "groups": [],
    "user_permissions": []
  }
},
{
  "model": "accounts.user",
  "pk": 6,
  "fields": {
    "password": "pbkdf2_sha256$150000$p28ihkQ8R5ld$tWmIghX5M3KtT6+O6BkDaYIME9jmiFAZo/avMsBN454=",
    "user_type": 0,
    "email": "ni@mail.com",
    "first_name": "\u041d\u0438\u043a\u043e\u043b\u0430\u0439",
    "second_name": "\u0418\u0432\u0430\u0449\u0435\u043d\u043a\u043e",
    "middle_name": "\u0410\u043b\u0435\u043a\u0441\u0430\u043d\u0434\u0440\u043e\u0432\u0438\u0447",
    "avatar": "",
    "gender": "male",
    "birthday": null,
    "education": 2,
    "phone_number": "",
    "data_joined": "2020-04-27T12:49:22.546Z",
    "last_login": "2020-04-27",
    "group": 1,
    "job_position": null,
    "active": true,
    "staff": false,
    "admin": false,
    "superuser": false,
    "groups": [],
    "user_permissions": []
  }
},
{
  "model": "accounts.user",
  "pk": 7,
  "fields": {
    "password": "pbkdf2_sha256$150000$vmR2NoyYNLBL$B55yzM0FHA1a9RHPKCjhW+e95AYa/ndK1UHc6CjdStY=",
    "user_type": 0,
    "email": "ek@mail.com",
    "first_name": "\u0415\u0432\u0433\u0435\u043d\u0438\u0439",
    "second_name": "\u041a\u043e\u043d\u044e\u0449\u0438\u043d\u0441\u043a\u0438\u0439",
    "middle_name": "\u0410\u043b\u0435\u043a\u0441\u0435\u0435\u0432\u0438\u0447",
    "avatar": "",
    "gender": "male",
    "birthday": null,
    "education": 2,
    "phone_number": "",
    "data_joined": "2020-04-27T12:49:59.745Z",
    "last_login": "2020-04-27",
    "group": 1,
    "job_position": null,
    "active": true,
    "staff": false,
    "admin": false,
    "superuser": false,
    "groups": [],
    "user_permissions": []
  }
},
{
  "model": "accounts.user",
  "pk": 8,
  "fields": {
    "password": "pbkdf2_sha256$150000$m8VVT38KitV4$HNmBSRozo8fCyzxtd8uxILeNTAumNlEGRTR28Ac5P60=",
    "user_type": 0,
    "email": "yp@mail.com",
    "first_name": "\u042e\u043b\u0438\u0430\u043d",
    "second_name": "\u041f\u0435\u0440\u043e\u0432",
    "middle_name": "\u041d\u0438\u043a\u043e\u043b\u0430\u0435\u0432\u0438\u0447",
    "avatar": "",
    "gender": "male",
    "birthday": null,
    "education": 2,
    "phone_number": "",
    "data_joined": "2020-04-27T12:53:40.746Z",
    "last_login": "2020-04-27",
    "group": 1,
    "job_position": null,
    "active": true,
    "staff": false,
    "admin": false,
    "superuser": false,
    "groups": [],
    "user_permissions": []
  }
},
{
  "model": "accounts.user",
  "pk": 9,
  "fields": {
    "password": "pbkdf2_sha256$150000$VSnhFYZzfNCs$V6CPk6c/2vOKBMBwW1qIWIzy+gA6aqW4ySfEQV6Ux58=",
    "user_type": 0,
    "email": "aya@mail.com",
    "first_name": "\u0410\u043b\u0435\u043a\u0441\u0430\u043d\u0434\u0440",
    "second_name": "\u042f\u0440\u043e\u0448\u0435\u0432\u0441\u043a\u0438\u0439",
    "middle_name": "\u0410\u043b\u0435\u043a\u0441\u0430\u043d\u0434\u0440\u043e\u0432\u0438\u0447",
    "avatar": "",
    "gender": "male",
    "birthday": null,
    "education": 2,
    "phone_number": "",
    "data_joined": "2020-04-27T12:55:35.708Z",
    "last_login": "2020-04-27",
    "group": 1,
    "job_position": null,
    "active": true,
    "staff": false,
    "admin": false,
    "superuser": false,
    "groups": [],
    "user_permissions": []
  }
},
{
  "model": "accounts.user",
  "pk": 10,
  "fields": {
    "password": "pbkdf2_sha256$150000$0P92jxg1dOK9$G+Y6nBOmERuPViPpphTDgBLXZQrIRYgzJQHGhwis7UM=",
    "user_type": 0,
    "email": "vzh@mail.com",
    "first_name": "\u0412\u044f\u0447\u0435\u0441\u043b\u0430\u0432",
    "second_name": "\u0416\u0443\u0440\u0430",
    "middle_name": "\u0412\u044f\u0447\u0435\u0441\u043b\u0430\u0432\u043e\u0432\u0438\u0447",
    "avatar": "",
    "gender": "male",
    "birthday": null,
    "education": 2,
    "phone_number": "",
    "data_joined": "2020-04-27T12:56:28.835Z",
    "last_login": "2020-04-27",
    "group": 1,
    "job_position": null,
    "active": true,
    "staff": false,
    "admin": false,
    "superuser": false,
    "groups": [],
    "user_permissions": []
  }
},
{
  "model": "accounts.user",
  "pk": 11,
  "fields": {
    "password": "pbkdf2_sha256$150000$hcGe0UdbGBrE$cut45TbekJ9ESqoUEppzsAd0cctMWFj746QJJXeutlg=",
    "user_type": 0,
    "email": "np@mail.com",
    "first_name": "\u041d\u0438\u043a\u0438\u0442\u0430",
    "second_name": "\u041f\u043e\u043f\u043b\u0430\u0432\u0441\u043a\u0438\u0439",
    "middle_name": "\u0410\u043b\u0435\u043a\u0441\u0435\u0435\u0432\u0438\u0447",
    "avatar": "",
    "gender": "other",
    "birthday": null,
    "education": 2,
    "phone_number": "",
    "data_joined": "2020-04-27T12:57:00.584Z",
    "last_login": "2020-04-27",
    "group": 1,
    "job_position": null,
    "active": true,
    "staff": false,
    "admin": false,
    "superuser": false,
    "groups": [],
    "user_permissions": []
  }
},
{
  "model": "accounts.user",
  "pk": 12,
  "fields": {
    "password": "pbkdf2_sha256$150000$10x7oBXMf9JB$YjjvF9vlQfjfRVXkpfnhTrZOPS8LRBeEtiL3iiaRG9s=",
    "user_type": 0,
    "email": "mo@mail.com",
    "first_name": "\u041c\u0430\u043a\u0441\u0438\u043c",
    "second_name": "\u041e\u0441\u0430\u0434\u0447\u0443\u043a",
    "middle_name": "\u041c\u0430\u043a\u0441\u0438\u043c\u043e\u0432\u0438\u0447",
    "avatar": "",
    "gender": "other",
    "birthday": null,
    "education": 2,
    "phone_number": "",
    "data_joined": "2020-04-27T12:57:45.113Z",
    "last_login": "2020-04-27",
    "group": 1,
    "job_position": null,
    "active": true,
    "staff": false,
    "admin": false,
    "superuser": false,
    "groups": [],
    "user_permissions": []
  }
},
{
  "model": "accounts.user",
  "pk": 13,
  "fields": {
    "password": "pbkdf2_sha256$150000$PEWsazmR8Wbr$Eeb9LxB2rrj/mqWKlFlwEKD1zAC+9B0vhIEqixaV1pY=",
    "user_type": 0,
    "email": "ad@mail.com",
    "first_name": "\u0410\u043b\u0435\u043a\u0441\u0435\u0439",
    "second_name": "\u0414\u0443\u0431\u043e\u0432\u043e\u0439",
    "middle_name": "\u0410\u043b\u0435\u043a\u0441\u0435\u0435\u0432\u0438\u0447",
    "avatar": "",
    "gender": "other",
    "birthday": null,
    "education": 2,
    "phone_number": "",
    "data_joined": "2020-04-27T13:00:39.193Z",
    "last_login": "2020-04-27",
    "group": 2,
    "job_position": null,
    "active": true,
    "staff": false,
    "admin": false,
    "superuser": false,
    "groups": [],
    "user_permissions": []
  }
},
{
  "model": "accounts.user",
  "pk": 14,
  "fields": {
    "password": "pbkdf2_sha256$150000$uAC9p0c8bM97$ISdA4ts6gIdnEq+vSDUeUn1zpdJK3FCfiuQ7sk5KN/g=",
    "user_type": 0,
    "email": "kl@mail.com",
    "first_name": "\u041a\u043e\u043d\u0441\u0442\u0430\u043d\u0442\u0438\u043d",
    "second_name": "\u041b\u044f\u0445\u043e\u0432",
    "middle_name": "\u041a\u043e\u043d\u0441\u0442\u0430\u043d\u0442\u0438\u043d\u043e\u0432\u0438\u0447",
    "avatar": "",
    "gender": "male",
    "birthday": null,
    "education": 2,
    "phone_number": "",
    "data_joined": "2020-04-27T13:01:14.634Z",
    "last_login": "2020-04-27",
    "group": 2,
    "job_position": null,
    "active": true,
    "staff": false,
    "admin": false,
    "superuser": false,
    "groups": [],
    "user_permissions": []
  }
},
{
  "model": "accounts.user",
  "pk": 15,
  "fields": {
    "password": "pbkdf2_sha256$150000$jlZVrTl7qVNu$v6Bp8Drsf9q4votg8Z7KY6Txx776kN41Lu9qqeiuZuI=",
    "user_type": 0,
    "email": "kf@mail.com",
    "first_name": "\u041a\u043e\u043d\u0441\u0442\u0430\u043d\u0442\u0438\u043d",
    "second_name": "\u0424\u043e\u043c\u0435\u043d\u043a\u043e",
    "middle_name": "\u041a\u043e\u043d\u0441\u0442\u0430\u043d\u0442\u0438\u043d\u043e\u0432\u0438\u0447",
    "avatar": "",
    "gender": "male",
    "birthday": null,
    "education": 2,
    "phone_number": "",
    "data_joined": "2020-04-27T13:02:11.710Z",
    "last_login": "2020-04-27",
    "group": 2,
    "job_position": null,
    "active": true,
    "staff": false,
    "admin": false,
    "superuser": false,
    "groups": [],
    "user_permissions": []
  }
},
{
  "model": "accounts.user",
  "pk": 16,
  "fields": {
    "password": "pbkdf2_sha256$150000$XdsqA0OT9zEI$WzgtpW58aIAKv9wpJzk5S56nuw1fZYOW/FJeEUz4WU0=",
    "user_type": 0,
    "email": "at@mail.com",
    "first_name": "\u0410\u043b\u0435\u043a\u0441\u0435\u0439",
    "second_name": "\u0422\u0440\u0438\u0444\u043e\u043d\u043e\u0432",
    "middle_name": "\u0410\u043b\u0435\u043a\u0441\u0435\u0435\u0432\u0438\u0447",
    "avatar": "",
    "gender": "other",
    "birthday": null,
    "education": 2,
    "phone_number": "",
    "data_joined": "2020-04-27T13:03:40.536Z",
    "last_login": "2020-04-27",
    "group": 2,
    "job_position": null,
    "active": true,
    "staff": false,
    "admin": false,
    "superuser": false,
    "groups": [],
    "user_permissions": []
  }
},
{
  "model": "accounts.user",
  "pk": 17,
  "fields": {
    "password": "pbkdf2_sha256$150000$YRrRm0hbL2WF$xNHVDMsMfuaQ9SR5GDnAGCoO2rHWD15D+ZsOdSzbOZQ=",
    "user_type": 0,
    "email": "adi@mail.com",
    "first_name": "\u0410\u043b\u0435\u043a\u0441\u0430\u043d\u0434\u0440",
    "second_name": "\u0414\u0438\u043c\u043e\u0432",
    "middle_name": "\u0410\u043b\u0435\u043a\u0441\u0430\u043d\u0434\u0440\u043e\u0432\u0438\u0447",
    "avatar": "",
    "gender": "male",
    "birthday": null,
    "education": 2,
    "phone_number": "",
    "data_joined": "2020-04-27T13:05:06.532Z",
    "last_login": "2020-04-27",
    "group": 2,
    "job_position": null,
    "active": true,
    "staff": false,
    "admin": false,
    "superuser": false,
    "groups": [],
    "user_permissions": []
  }
},
{
  "model": "accounts.user",
  "pk": 18,
  "fields": {
    "password": "pbkdf2_sha256$150000$Bk3Pf1ZhUIyZ$rMy3uwq8LYeWXBYl4mHi4binZs8AbXI701iLvbBE21c=",
    "user_type": 0,
    "email": "av@mail.com",
    "first_name": "\u0410\u043d\u0430\u0441\u0442\u0430\u0441\u0438\u044f",
    "second_name": "\u0412\u043e\u043b\u043e\u0448\u0438\u043d\u0430",
    "middle_name": "\u041a\u043e\u043d\u0441\u0442\u0430\u043d\u0442\u0438\u043d\u043e\u0432\u043d\u0430",
    "avatar": "",
    "gender": "other",
    "birthday": null,
    "education": 2,
    "phone_number": "",
    "data_joined": "2020-04-27T13:05:51.698Z",
    "last_login": "2020-04-27",
    "group": 2,
    "job_position": null,
    "active": true,
    "staff": false,
    "admin": false,
    "superuser": false,
    "groups": [],
    "user_permissions": []
  }
},
{
  "model": "accounts.user",
  "pk": 19,
  "fields": {
    "password": "pbkdf2_sha256$150000$Jq43tzFtd9cG$gWV7BGDFt9O1u6lJXreve6uhlrQGFtynaZKyy4zCkRg=",
    "user_type": 0,
    "email": "dzhf@mail.com",
    "first_name": "\u0414\u0436\u0443\u043b\u044c\u0435\u0442\u0442\u0430",
    "second_name": "\u0424\u0443\u0441\u0442\u0438\u0439",
    "middle_name": "\u041d\u0438\u043a\u043e\u043b\u0430\u0435\u0432\u043d\u0430",
    "avatar": "",
    "gender": "female",
    "birthday": null,
    "education": 2,
    "phone_number": "",
    "data_joined": "2020-04-27T13:07:28.503Z",
    "last_login": "2020-04-27",
    "group": 2,
    "job_position": null,
    "active": true,
    "staff": false,
    "admin": false,
    "superuser": false,
    "groups": [],
    "user_permissions": []
  }
},
{
  "model": "accounts.user",
  "pk": 20,
  "fields": {
    "password": "pbkdf2_sha256$150000$h0OdY1r1gSzT$nQ6/PIxedpW9BI+nDeh0iKTFzPlmoKXRVhQ1MBVxVew=",
    "user_type": 0,
    "email": "la@mail.com",
    "first_name": "\u041b\u0435\u0440\u0430",
    "second_name": "\u041e\u043a\u0443\u043b\u043e\u0432\u0430",
    "middle_name": "\u041a\u043e\u043d\u0441\u0442\u0430\u043d\u0442\u0438\u043d\u043e\u0432\u043d\u0430",
    "avatar": "",
    "gender": "female",
    "birthday": null,
    "education": 2,
    "phone_number": "",
    "data_joined": "2020-04-27T13:15:50.277Z",
    "last_login": "2020-04-27",
    "group": 2,
    "job_position": null,
    "active": true,
    "staff": false,
    "admin": false,
    "superuser": false,
    "groups": [],
    "user_permissions": []
  }
},
{
  "model": "accounts.user",
  "pk": 21,
  "fields": {
    "password": "pbkdf2_sha256$150000$FM2mdKH0mOWJ$TlnNodwWPVA3JK8qQ4sVcXYO55acRNLfSyjZ1PioG2A=",
    "user_type": 0,
    "email": "pd@mail.com",
    "first_name": "\u041f\u0430\u0432\u0435\u043b",
    "second_name": "\u0414\u043e\u0441\u0442\u043e\u0435\u0432\u0441\u043a\u0438\u0439",
    "middle_name": "\u041f\u0430\u0432\u043b\u043e\u0432\u0438\u0447",
    "avatar": "",
    "gender": "male",
    "birthday": null,
    "education": 2,
    "phone_number": "",
    "data_joined": "2020-04-27T13:16:53.562Z",
    "last_login": "2020-04-27",
    "group": 2,
    "job_position": null,
    "active": true,
    "staff": false,
    "admin": false,
    "superuser": false,
    "groups": [],
    "user_permissions": []
  }
},
{
  "model": "accounts.user",
  "pk": 22,
  "fields": {
    "password": "pbkdf2_sha256$150000$bkuMG8kLxWMQ$wRhMjws7F43klVtqu2O4lemCKeX5srkCdeJNAI04q9k=",
    "user_type": 1,
    "email": "prep2@mail.com",
    "first_name": "\u0415\u043b\u0435\u043d\u0430",
    "second_name": "\u041d\u0438\u043a\u043e\u043b\u0430\u0435\u0432\u0430",
    "middle_name": "\u0412\u043b\u0430\u0434\u0438\u043c\u0438\u0440\u043e\u0432\u043d\u0430",
    "avatar": "",
    "gender": "female",
    "birthday": null,
    "education": 4,
    "phone_number": "",
    "data_joined": "2020-04-27T13:19:04.130Z",
    "last_login": "2020-04-27",
    "group": null,
    "job_position": null,
    "active": true,
    "staff": true,
    "admin": false,
    "superuser": false,
    "groups": [],
    "user_permissions": []
  }
},
{
  "model": "accounts.user",
  "pk": 23,
  "fields": {
    "password": "pbkdf2_sha256$150000$iG0FUDMAyggu$t7Ff4pGH7+HOcQDkTCE0k2GBBc6EL585oeTeJaIrqXI=",
    "user_type": 1,
    "email": "prep3@mail.com",
    "first_name": "\u0410\u043d\u0442\u043e\u043d",
    "second_name": "\u0421\u0435\u043c\u0435\u043d\u044e\u043a",
    "middle_name": "\u042e\u0440\u044c\u0435\u0432\u0438\u0447",
    "avatar": "",
    "gender": "male",
    "birthday": null,
    "education": 5,
    "phone_number": "",
    "data_joined": "2020-04-27T13:26:37.518Z",
    "last_login": "2020-04-27",
    "group": null,
    "job_position": null,
    "active": true,
    "staff": true,
    "admin": false,
    "superuser": false,
    "groups": [],
    "user_permissions": []
  }
},
{
  "model": "accounts.user",
  "pk": 24,
  "fields": {
    "password": "pbkdf2_sha256$150000$HzlqPRaKXMqV$NDfer64dOi0G3R3XYEsalzUjnpYxZc0G00316SnWbRA=",
    "user_type": 1,
    "email": "prep4@mail.com",
    "first_name": "\u041d\u0430\u0442\u0430\u043b\u044c\u044f",
    "second_name": "\u0411\u0430\u043d\u043e\u0432\u0430",
    "middle_name": "\u0412\u0438\u043a\u0442\u043e\u0440\u043e\u0432\u043d\u0430",
    "avatar": "",
    "gender": "female",
    "birthday": null,
    "education": 4,
    "phone_number": "",
    "data_joined": "2020-04-27T13:28:35.127Z",
    "last_login": "2020-04-27",
    "group": null,
    "job_position": null,
    "active": true,
    "staff": true,
    "admin": false,
    "superuser": false,
    "groups": [],
    "user_permissions": []
  }
},
{
  "model": "accounts.user",
  "pk": 25,
  "fields": {
    "password": "pbkdf2_sha256$150000$0YtSRXq7W55h$zteDRArFqVEVkPmZ51blG6izfwGukvPgd3urgElyLyQ=",
    "user_type": 1,
    "email": "prep5@mail.com",
    "first_name": "\u041d\u0430\u0442\u0430\u043b\u044c\u044f",
    "second_name": "\u041a\u0430\u0440\u0430\u0432\u0430\u0435\u0432\u0430",
    "middle_name": "\u0412\u0438\u043a\u0442\u043e\u0440\u043e\u0432\u043d\u0430",
    "avatar": "",
    "gender": "female",
    "birthday": null,
    "education": 5,
    "phone_number": "",
    "data_joined": "2020-04-27T13:29:20.426Z",
    "last_login": "2020-04-27",
    "group": null,
    "job_position": null,
    "active": true,
    "staff": true,
    "admin": false,
    "superuser": false,
    "groups": [],
    "user_permissions": []
  }
},
{
  "model": "accounts.user",
  "pk": 26,
  "fields": {
    "password": "pbkdf2_sha256$150000$U1ZBJHMLYTzq$NA8KQlOVQyUcXKRGSpEFuS9JJj6JNfdTEJ19Glqm49w=",
    "user_type": 1,
    "email": "prep6@mail.com",
    "first_name": "\u0422\u0430\u0442\u044c\u044f\u043d\u0430",
    "second_name": "\u0418\u0432\u0430\u043d\u0447\u0435\u043d\u043a\u043e",
    "middle_name": "\u0412\u0430\u0441\u0438\u043b\u044c\u0435\u0432\u043d\u0430",
    "avatar": "",
    "gender": "female",
    "birthday": null,
    "education": 5,
    "phone_number": "",
    "data_joined": "2020-04-27T13:30:08.257Z",
    "last_login": "2020-04-27",
    "group": null,
    "job_position": null,
    "active": true,
    "staff": true,
    "admin": false,
    "superuser": false,
    "groups": [],
    "user_permissions": []
  }
},
{
  "model": "accounts.user",
  "pk": 27,
  "fields": {
    "password": "pbkdf2_sha256$150000$yPzOgfrnBl69$1VxFmoLF1DqD1iY+4GQ38osDdkG8paOKT6LmtLlkCg4=",
    "user_type": 0,
    "email": "diz16_1_1@mail.com",
    "first_name": "\u0418\u0431\u0440\u0430\u0433\u0438\u043b",
    "second_name": "\u0424\u0440\u043e\u043b\u043e\u0432",
    "middle_name": "\u041f\u0430\u0432\u043b\u043e\u0432\u0438\u0447",
    "avatar": "",
    "gender": "male",
    "birthday": null,
    "education": 2,
    "phone_number": "",
    "data_joined": "2020-04-27T14:28:24.435Z",
    "last_login": "2020-04-27",
    "group": 3,
    "job_position": null,
    "active": true,
    "staff": false,
    "admin": false,
    "superuser": false,
    "groups": [],
    "user_permissions": []
  }
},
{
  "model": "accounts.user",
  "pk": 28,
  "fields": {
    "password": "pbkdf2_sha256$150000$2ZZKp2smvUas$Odr5RLzhlYtPV4y+D+1aLw9Wt6oMQHNcP2EJmoI9BPA=",
    "user_type": 0,
    "email": "diz16_1_2@mail.com",
    "first_name": "\u0410\u043d\u0430\u0442\u0430\u043b\u0438\u0439",
    "second_name": "\u041a\u0430\u0440\u043f\u043e\u0432",
    "middle_name": "\u0423\u043b\u0435\u0431\u043e\u0432\u0438\u0447",
    "avatar": "",
    "gender": "male",
    "birthday": null,
    "education": 2,
    "phone_number": "",
    "data_joined": "2020-04-27T14:29:15.269Z",
    "last_login": "2020-04-27",
    "group": 3,
    "job_position": null,
    "active": true,
    "staff": false,
    "admin": false,
    "superuser": false,
    "groups": [],
    "user_permissions": []
  }
},
{
  "model": "accounts.user",
  "pk": 29,
  "fields": {
    "password": "pbkdf2_sha256$150000$ARH2ePSVuLKM$wSgKCAvJY2OYuNismPKTxX998+Hx0VMxVuoQr/ld2Wk=",
    "user_type": 0,
    "email": "diz16_1_3@mail.com",
    "first_name": "\u0412\u0430\u0441\u0438\u043b\u0438\u0439",
    "second_name": "\u041a\u043e\u043b\u0435\u0441\u043d\u0438\u043a\u043e\u0432",
    "middle_name": "\u0414\u0435\u043c\u044c\u044f\u043d\u043e\u0432\u0438\u0447",
    "avatar": "",
    "gender": "male",
    "birthday": null,
    "education": 2,
    "phone_number": "",
    "data_joined": "2020-04-27T14:30:01.336Z",
    "last_login": "2020-04-27",
    "group": 3,
    "job_position": null,
    "active": true,
    "staff": false,
    "admin": false,
    "superuser": false,
    "groups": [],
    "user_permissions": []
  }
},
{
  "model": "accounts.user",
  "pk": 30,
  "fields": {
    "password": "pbkdf2_sha256$150000$I55UssjKX8zk$SpG9QibDYs++swVsc49JWdBOzCYNcT4VA1U1ESHGuO8=",
    "user_type": 0,
    "email": "diz16_1_4@mail.com",
    "first_name": "\u041c\u0443\u0437\u0430",
    "second_name": "\u041f\u0440\u043e\u0445\u043e\u0440\u043e\u0432\u0430",
    "middle_name": "\u0424\u0435\u0434\u043e\u0441\u0435\u0435\u0432\u043d\u0430",
    "avatar": "",
    "gender": "female",
    "birthday": null,
    "education": 2,
    "phone_number": "",
    "data_joined": "2020-04-27T14:31:34.007Z",
    "last_login": "2020-04-27",
    "group": 3,
    "job_position": null,
    "active": true,
    "staff": false,
    "admin": false,
    "superuser": false,
    "groups": [],
    "user_permissions": []
  }
},
{
  "model": "accounts.user",
  "pk": 31,
  "fields": {
    "password": "pbkdf2_sha256$150000$xGkPVojWhOI2$Kb/1ZvBEp5kpqbqDavR2qNjhKSZIuW9/Qom8zLJcw/4=",
    "user_type": 0,
    "email": "diz16_1_5@mail.com",
    "first_name": "\u0412\u0435\u0440\u043e\u043d\u0438\u043a\u0430",
    "second_name": "\u0415\u0432\u0441\u0435\u0435\u0432\u0430",
    "middle_name": "\u0412\u0438\u043a\u0442\u043e\u0440\u043e\u0432\u043d\u0430",
    "avatar": "",
    "gender": "female",
    "birthday": null,
    "education": 2,
    "phone_number": "",
    "data_joined": "2020-04-27T14:32:10.780Z",
    "last_login": "2020-04-27",
    "group": 3,
    "job_position": null,
    "active": true,
    "staff": false,
    "admin": false,
    "superuser": false,
    "groups": [],
    "user_permissions": []
  }
},
{
  "model": "accounts.user",
  "pk": 32,
  "fields": {
    "password": "pbkdf2_sha256$150000$PFaBbPxWwOFn$QgYdUXOUnZ1ShUC8bm4JcO1MOLo3ETLJcIeJAYFmxGQ=",
    "user_type": 0,
    "email": "diz16_2_1@mail.com",
    "first_name": "\u041f\u0440\u043e\u0445\u043e\u0440",
    "second_name": "\u041c\u0430\u043a\u0441\u0438\u043c\u043e\u0432",
    "middle_name": "\u041c\u0430\u0440\u0442\u044b\u043d\u043e\u0432\u0438\u0447",
    "avatar": "",
    "gender": "male",
    "birthday": null,
    "education": 2,
    "phone_number": "",
    "data_joined": "2020-04-27T14:33:12.683Z",
    "last_login": "2020-04-27",
    "group": 4,
    "job_position": null,
    "active": true,
    "staff": false,
    "admin": false,
    "superuser": false,
    "groups": [],
    "user_permissions": []
  }
},
{
  "model": "accounts.user",
  "pk": 33,
  "fields": {
    "password": "pbkdf2_sha256$150000$Xygldi5fiMWe$zkYOyXL92N/3issWtAoZmdUgF+ZtoFruwe+RAfR97Gc=",
    "user_type": 0,
    "email": "diz16_2_2@mail.com",
    "first_name": "\u0411\u043e\u0433\u0434\u0430\u043d",
    "second_name": "\u0424\u043e\u043c\u0438\u0447\u0451\u0432",
    "middle_name": "\u0421\u0442\u0430\u043d\u0438\u0441\u043b\u0430\u0432\u043e\u0432\u0438\u0447",
    "avatar": "",
    "gender": "male",
    "birthday": null,
    "education": 2,
    "phone_number": "",
    "data_joined": "2020-04-27T14:33:47.988Z",
    "last_login": "2020-04-27",
    "group": 4,
    "job_position": null,
    "active": true,
    "staff": false,
    "admin": false,
    "superuser": false,
    "groups": [],
    "user_permissions": []
  }
},
{
  "model": "accounts.user",
  "pk": 34,
  "fields": {
    "password": "pbkdf2_sha256$150000$053A7z3HfyfK$mzBBH42vCo75JQ5zt/uuVf1pI/xxaRa3trv+QziE97g=",
    "user_type": 0,
    "email": "diz16_2_3@mail.com",
    "first_name": "\u0421\u0435\u0440\u0433\u0435\u0439",
    "second_name": "\u041e\u0440\u0435\u0445\u043e\u0432",
    "middle_name": "\u0410\u0440\u0438\u0441\u0442\u0430\u0440\u0445\u043e\u0432\u0438\u0447",
    "avatar": "",
    "gender": "male",
    "birthday": null,
    "education": 2,
    "phone_number": "",
    "data_joined": "2020-04-27T14:34:37.410Z",
    "last_login": "2020-04-27",
    "group": 4,
    "job_position": null,
    "active": true,
    "staff": false,
    "admin": false,
    "superuser": false,
    "groups": [],
    "user_permissions": []
  }
},
{
  "model": "accounts.user",
  "pk": 35,
  "fields": {
    "password": "pbkdf2_sha256$150000$0k7NT7KGOlbo$Mjymel7MlkA87w2wXopCG0WVfk9OSVGAVnA4S6Cf1/c=",
    "user_type": 0,
    "email": "diz16_2_4@mail.com",
    "first_name": "\u0410\u0437\u0430\u043b\u0438\u044f",
    "second_name": "\u041c\u043e\u0440\u043e\u0437\u043e\u0432\u0430",
    "middle_name": "\u0413\u0435\u043d\u043d\u0430\u0434\u0438\u0435\u0432\u043d\u0430",
    "avatar": "",
    "gender": "female",
    "birthday": null,
    "education": 2,
    "phone_number": "",
    "data_joined": "2020-04-27T14:35:41.812Z",
    "last_login": "2020-04-27",
    "group": 4,
    "job_position": null,
    "active": true,
    "staff": false,
    "admin": false,
    "superuser": false,
    "groups": [],
    "user_permissions": []
  }
},
{
  "model": "accounts.user",
  "pk": 36,
  "fields": {
    "password": "pbkdf2_sha256$150000$wzkNCJEzjTxG$WyZVnj7gUy+ser7V6wXO31tiad8CVyEEFrwleUg9gBI=",
    "user_type": 0,
    "email": "diz16_2_5@mail.com",
    "first_name": "\u041c\u0430\u043b\u044c\u0442\u0430",
    "second_name": "\u0411\u0435\u043b\u044f\u0435\u0432\u0430",
    "middle_name": "\u0412\u043b\u0430\u0434\u0438\u043c\u0438\u0440\u043e\u0432\u043d\u0430",
    "avatar": "",
    "gender": "female",
    "birthday": null,
    "education": 2,
    "phone_number": "",
    "data_joined": "2020-04-27T14:36:10.962Z",
    "last_login": "2020-04-27",
    "group": 4,
    "job_position": null,
    "active": true,
    "staff": false,
    "admin": false,
    "superuser": false,
    "groups": [],
    "user_permissions": []
  }
},
{
  "model": "accounts.user",
  "pk": 37,
  "fields": {
    "password": "pbkdf2_sha256$150000$kgOFThpnUFvO$sGhgaVumvz5eKu/opj6+WrDk06Um6GmK7EGPhrLJv4M=",
    "user_type": 0,
    "email": "cs17_1_1@mail.com",
    "first_name": "\u0418\u0440\u0438\u043d\u0430",
    "second_name": "\u0411\u0430\u043d\u043d\u0438\u043a",
    "middle_name": "\u0410\u043b\u0435\u043a\u0441\u0435\u0435\u0432\u0430",
    "avatar": "",
    "gender": "female",
    "birthday": null,
    "education": 2,
    "phone_number": "",
    "data_joined": "2020-04-27T14:50:46.591Z",
    "last_login": "2020-04-27",
    "group": 7,
    "job_position": null,
    "active": true,
    "staff": false,
    "admin": false,
    "superuser": false,
    "groups": [],
    "user_permissions": []
  }
},
{
  "model": "accounts.user",
  "pk": 38,
  "fields": {
    "password": "pbkdf2_sha256$150000$njw1XlZnL1sJ$PgNdBrX7DiVLELDa7jN0unz72R9Zl+AcWPtaYMdRDko=",
    "user_type": 0,
    "email": "cs17_1_2@mail.com",
    "first_name": "\u0412\u0430\u043b\u0435\u0440\u0438\u044f",
    "second_name": "\u0411\u0430\u0440\u0430\u043d\u044e\u043a",
    "middle_name": "\u0410\u043b\u0435\u043a\u0441\u0430\u043d\u0434\u0440\u043e\u0432\u043d\u0430",
    "avatar": "",
    "gender": "female",
    "birthday": null,
    "education": 2,
    "phone_number": "",
    "data_joined": "2020-04-27T14:51:18.603Z",
    "last_login": "2020-04-27",
    "group": 7,
    "job_position": null,
    "active": true,
    "staff": false,
    "admin": false,
    "superuser": false,
    "groups": [],
    "user_permissions": []
  }
},
{
  "model": "accounts.user",
  "pk": 39,
  "fields": {
    "password": "pbkdf2_sha256$150000$9cJVUeOqRfEd$TK+VTMIX8Qj4WhfvwAjZoqZtV+tg+PP+xtUGZSpTo40=",
    "user_type": 0,
    "email": "cs17_1_3@mail.com",
    "first_name": "\u041f\u0451\u0442\u0440",
    "second_name": "\u0412\u0430\u0441\u0438\u043b\u0438\u043a",
    "middle_name": "\u0412\u0438\u0442\u0430\u043b\u044c\u0435\u0432\u0438\u0447",
    "avatar": "",
    "gender": "male",
    "birthday": null,
    "education": 2,
    "phone_number": "",
    "data_joined": "2020-04-27T14:52:10.523Z",
    "last_login": "2020-04-27",
    "group": 7,
    "job_position": null,
    "active": true,
    "staff": false,
    "admin": false,
    "superuser": false,
    "groups": [],
    "user_permissions": []
  }
},
{
  "model": "accounts.user",
  "pk": 40,
  "fields": {
    "password": "pbkdf2_sha256$150000$ObXgpsGvW1ZY$bP7RIYXwMQ5tqeJAKLOOh22c+dvN+9N1jdjXIQ34+BQ=",
    "user_type": 0,
    "email": "cs17_1_4@mail.com",
    "first_name": "\u0410\u043b\u0435\u043a\u0441\u0435\u0439",
    "second_name": "\u041a\u043e\u0437\u0430\u043a",
    "middle_name": "\u0410\u043b\u0435\u043a\u0441\u0435\u0435\u0432\u0438\u0447",
    "avatar": "",
    "gender": "male",
    "birthday": null,
    "education": 2,
    "phone_number": "",
    "data_joined": "2020-04-27T14:53:02.260Z",
    "last_login": "2020-04-27",
    "group": 7,
    "job_position": null,
    "active": true,
    "staff": false,
    "admin": false,
    "superuser": false,
    "groups": [],
    "user_permissions": []
  }
},
{
  "model": "accounts.user",
  "pk": 41,
  "fields": {
    "password": "pbkdf2_sha256$150000$A8ieL5Donxdb$zNcvkiPMhH5WD4z6f7ghe+9PHlK+NVxp15iinV2mYyg=",
    "user_type": 0,
    "email": "cs17_1_5@mail.com",
    "first_name": "\u042f\u0440\u043e\u0441\u043b\u0430\u0432",
    "second_name": "\u0420\u044f\u0431\u0447\u0443\u043a",
    "middle_name": "\u0412\u0438\u0442\u0430\u043b\u044c\u0435\u0432\u0438\u0447",
    "avatar": "",
    "gender": "male",
    "birthday": null,
    "education": 2,
    "phone_number": "",
    "data_joined": "2020-04-27T14:53:34.662Z",
    "last_login": "2020-04-27",
    "group": 7,
    "job_position": null,
    "active": true,
    "staff": false,
    "admin": false,
    "superuser": false,
    "groups": [],
    "user_permissions": []
  }
},
{
  "model": "accounts.user",
  "pk": 42,
  "fields": {
    "password": "pbkdf2_sha256$150000$43f99BcKVdZN$z39SdMrDPX/EuMlpjuJJMHKz+ByJ3IaQCQlWw6eIBek=",
    "user_type": 0,
    "email": "cs17_2_1@mail.com",
    "first_name": "\u041a\u0438\u0441\u0435\u043b\u0435\u0432",
    "second_name": "\u0412\u0438\u0442\u0430\u043b\u0438\u0439",
    "middle_name": "\u0421\u0435\u0440\u0433\u0435\u0435\u0432\u0438\u0447",
    "avatar": "",
    "gender": "other",
    "birthday": null,
    "education": 2,
    "phone_number": "",
    "data_joined": "2020-04-27T15:43:20.389Z",
    "last_login": "2020-04-27",
    "group": 8,
    "job_position": null,
    "active": true,
    "staff": false,
    "admin": false,
    "superuser": false,
    "groups": [],
    "user_permissions": []
  }
},
{
  "model": "accounts.user",
  "pk": 43,
  "fields": {
    "password": "pbkdf2_sha256$150000$JGHXEAlZvUxO$8UHfRaac7r0lWEMJD02jZiCnotbVOrc5tPNHLIBD318=",
    "user_type": 0,
    "email": "cs17_2_2@mail.com",
    "first_name": "\u0416\u0435\u0440\u0435\u0431\u0438\u043b\u043e",
    "second_name": "\u0410\u043b\u0435\u043a\u0441\u0430\u043d\u0434\u0440\u043e",
    "middle_name": "\u0420\u043e\u043c\u0430\u043d\u043e\u0432\u0438\u0447",
    "avatar": "",
    "gender": "male",
    "birthday": null,
    "education": 2,
    "phone_number": "",
    "data_joined": "2020-04-27T15:43:47.339Z",
    "last_login": "2020-04-27",
    "group": 8,
    "job_position": null,
    "active": true,
    "staff": false,
    "admin": false,
    "superuser": false,
    "groups": [],
    "user_permissions": []
  }
},
{
  "model": "accounts.user",
  "pk": 44,
  "fields": {
    "password": "pbkdf2_sha256$150000$LYKV5PyVKiqT$bxJZQ8S4UfK6CoBTKmxqYMkqCo/FxtlOqJ4LBxDsCx0=",
    "user_type": 0,
    "email": "cs17_2_3@mail.com",
    "first_name": "\u041a\u0443\u043a\u0443\u0448\u043a\u0438\u043d",
    "second_name": "\u0414\u043c\u0438\u043d\u0442\u0440\u0438\u0439",
    "middle_name": "\u0410\u043b\u0435\u043a\u0441\u0430\u043d\u0434\u0440\u043e\u0432\u0438\u0447",
    "avatar": "",
    "gender": "male",
    "birthday": null,
    "education": 2,
    "phone_number": "",
    "data_joined": "2020-04-27T15:44:23.700Z",
    "last_login": "2020-04-27",
    "group": 8,
    "job_position": null,
    "active": true,
    "staff": false,
    "admin": false,
    "superuser": false,
    "groups": [],
    "user_permissions": []
  }
},
{
  "model": "accounts.user",
  "pk": 45,
  "fields": {
    "password": "pbkdf2_sha256$150000$jsb8b1gWp3PD$lyjTEBljDJttg7N8w3jUiwr8aQNmn7UuPdVMGlzYkaw=",
    "user_type": 0,
    "email": "cs17_2_4@mail.com",
    "first_name": "\u041a\u0430\u043b\u0438\u0442\u0430",
    "second_name": "\u041d\u0438\u043a\u043e\u043b\u0430\u0439",
    "middle_name": "\u0412\u0438\u0442\u0430\u043b\u044c\u0435\u0432\u0438\u0447",
    "avatar": "",
    "gender": "male",
    "birthday": null,
    "education": 2,
    "phone_number": "",
    "data_joined": "2020-04-27T15:45:06.875Z",
    "last_login": "2020-04-27",
    "group": 8,
    "job_position": null,
    "active": true,
    "staff": false,
    "admin": false,
    "superuser": false,
    "groups": [],
    "user_permissions": []
  }
},
{
  "model": "accounts.user",
  "pk": 46,
  "fields": {
    "password": "pbkdf2_sha256$150000$dqBuuI4UWKIE$h5928+rz7vTS4d9wSfQtIdEkKB5UwE2cKT2qfGnhUJ0=",
    "user_type": 0,
    "email": "cs17_2_5@mail.com",
    "first_name": "\u0410\u043d\u0434\u0440\u0435\u0439",
    "second_name": "\u0414\u043e\u043a\u0443\u0447\u0430\u0435\u0432",
    "middle_name": "\u0412\u0438\u043a\u0442\u043e\u0440\u043e\u0432\u0438\u0447",
    "avatar": "",
    "gender": "male",
    "birthday": null,
    "education": 2,
    "phone_number": "",
    "data_joined": "2020-04-27T15:45:48.648Z",
    "last_login": "2020-04-27",
    "group": 8,
    "job_position": null,
    "active": true,
    "staff": false,
    "admin": false,
    "superuser": false,
    "groups": [],
    "user_permissions": []
  }
},
{
  "model": "accounts.user",
  "pk": 47,
  "fields": {
    "password": "pbkdf2_sha256$150000$00BnXd9d9Cza$WN0uIG483VH+KwhjWve3UXzLJEioJoLHr5bELZsw2WA=",
    "user_type": 0,
    "email": "diz17_1_1@mail.com",
    "first_name": "\u0412\u0430\u0441\u0438\u043b\u0438\u0441\u0430",
    "second_name": "\u0412\u043e\u0440\u043e\u0431\u044c\u0451\u0432\u0430",
    "middle_name": "\u0412\u0430\u043b\u0435\u043d\u0442\u0438\u043d\u043e\u0432\u043d\u0430",
    "avatar": "",
    "gender": "female",
    "birthday": null,
    "education": 2,
    "phone_number": "",
    "data_joined": "2020-04-27T15:47:59.366Z",
    "last_login": "2020-04-27",
    "group": 5,
    "job_position": null,
    "active": true,
    "staff": false,
    "admin": false,
    "superuser": false,
    "groups": [],
    "user_permissions": []
  }
},
{
  "model": "accounts.user",
  "pk": 48,
  "fields": {
    "password": "pbkdf2_sha256$150000$sufgdx9cGelC$nZ+YEzW4K5uJRV98lj1BNapu40YI7z0ap2niN0Gwzgk=",
    "user_type": 0,
    "email": "diz17_1_2@mail.com",
    "first_name": "\u041b\u0435\u044f",
    "second_name": "\u041b\u0438\u0445\u0430\u0447\u0451\u0432\u0430",
    "middle_name": "\u0424\u0438\u043b\u0438\u043f\u043f\u043e\u0432\u043d\u0430",
    "avatar": "",
    "gender": "male",
    "birthday": null,
    "education": 2,
    "phone_number": "",
    "data_joined": "2020-04-27T15:48:31.804Z",
    "last_login": "2020-04-27",
    "group": 5,
    "job_position": null,
    "active": true,
    "staff": false,
    "admin": false,
    "superuser": false,
    "groups": [],
    "user_permissions": []
  }
},
{
  "model": "accounts.user",
  "pk": 49,
  "fields": {
    "password": "pbkdf2_sha256$150000$TU9hwTvl671v$jCI3sfMAGmeBiVPRcF4hS6uY7I3mij5JHQL04xER4uU=",
    "user_type": 0,
    "email": "diz17_1_3@mail.com",
    "first_name": "\u0410\u043b\u0438\u043a\u0430",
    "second_name": "\u041a\u0430\u043b\u0438\u043d\u0438\u043d\u0430",
    "middle_name": "\u0412\u043b\u0430\u0434\u043b\u0435\u043d\u043e\u0432\u043d\u0430",
    "avatar": "",
    "gender": "female",
    "birthday": null,
    "education": 2,
    "phone_number": "",
    "data_joined": "2020-04-27T15:49:00.048Z",
    "last_login": "2020-04-27",
    "group": 5,
    "job_position": null,
    "active": true,
    "staff": false,
    "admin": false,
    "superuser": false,
    "groups": [],
    "user_permissions": []
  }
},
{
  "model": "accounts.user",
  "pk": 50,
  "fields": {
    "password": "pbkdf2_sha256$150000$7ndcwN8GP2Nh$AHibnMDzrxNNulLC3U+aOypcFeKi/3nEDWtp6kZIxOg=",
    "user_type": 0,
    "email": "diz17_1_4@mail.com",
    "first_name": "\u041c\u0438\u043b\u0430",
    "second_name": "\u0421\u0435\u043c\u0451\u043d\u043e\u0432\u043d\u0430",
    "middle_name": "\u0413\u0435\u043d\u043d\u0430\u043b\u044c\u0435\u0432\u043d\u0430",
    "avatar": "",
    "gender": "female",
    "birthday": null,
    "education": 2,
    "phone_number": "",
    "data_joined": "2020-04-27T15:49:46.623Z",
    "last_login": "2020-04-27",
    "group": 5,
    "job_position": null,
    "active": true,
    "staff": false,
    "admin": false,
    "superuser": false,
    "groups": [],
    "user_permissions": []
  }
},
{
  "model": "accounts.user",
  "pk": 51,
  "fields": {
    "password": "pbkdf2_sha256$150000$siscXp2E8Sl0$Nr+NDGTas1oXq0fMRFI80ux2d7ZvXrExr03s0CDEmXg=",
    "user_type": 0,
    "email": "diz17_1_5@mail.com",
    "first_name": "\u0415\u0432\u0434\u043e\u043a\u0438\u044f",
    "second_name": "\u041d\u043e\u0441\u043e\u0432\u0430",
    "middle_name": "\u041b\u0443\u043a\u044c\u044f\u043d\u043e\u0432\u043d\u0430",
    "avatar": "",
    "gender": "female",
    "birthday": null,
    "education": 2,
    "phone_number": "",
    "data_joined": "2020-04-27T15:50:33.209Z",
    "last_login": "2020-04-27",
    "group": 5,
    "job_position": null,
    "active": true,
    "staff": false,
    "admin": false,
    "superuser": false,
    "groups": [],
    "user_permissions": []
  }
},
{
  "model": "accounts.user",
  "pk": 52,
  "fields": {
    "password": "pbkdf2_sha256$150000$hUdKFa1IZR8y$V2yxX5Zph24F/cBSMEduvSFWZh+OZrjhSXIyBItQBD0=",
    "user_type": 0,
    "email": "diz17_2_1@mail.com",
    "first_name": "\u0412\u0438\u043a\u0442\u043e\u0440\u0438\u044f",
    "second_name": "\u0421\u0435\u043b\u0435\u0437\u043d\u0451\u0432\u0430",
    "middle_name": "\u0410\u0432\u043a\u0441\u0435\u043d\u0442\u044c\u0435\u0432\u043d\u0430",
    "avatar": "",
    "gender": "other",
    "birthday": null,
    "education": 2,
    "phone_number": "",
    "data_joined": "2020-04-27T15:51:25.199Z",
    "last_login": "2020-04-27",
    "group": 6,
    "job_position": null,
    "active": true,
    "staff": false,
    "admin": false,
    "superuser": false,
    "groups": [],
    "user_permissions": []
  }
},
{
  "model": "accounts.user",
  "pk": 53,
  "fields": {
    "password": "pbkdf2_sha256$150000$QSk1d8y32vQZ$MD0VeT3sCTW1dbiJysrS4LiwzZiu23QD7M1mzpHY7M8=",
    "user_type": 0,
    "email": "diz17_2_2@mail.com",
    "first_name": "\u0421\u0430\u0431\u0440\u0438\u043d\u0430",
    "second_name": "\u041c\u0435\u043b\u044c\u043d\u0438\u043a\u043e\u0432\u0430",
    "middle_name": "\u0415\u0433\u043e\u0440\u043e\u0432\u043d\u0430",
    "avatar": "",
    "gender": "female",
    "birthday": null,
    "education": 2,
    "phone_number": "",
    "data_joined": "2020-04-27T15:51:57.258Z",
    "last_login": "2020-04-27",
    "group": 6,
    "job_position": null,
    "active": true,
    "staff": false,
    "admin": false,
    "superuser": false,
    "groups": [],
    "user_permissions": []
  }
},
{
  "model": "accounts.user",
  "pk": 54,
  "fields": {
    "password": "pbkdf2_sha256$150000$idrWpQkKFhGV$U0kjaHAjPZcFsrFeIKvG5tHjrKAwDRUlov0UvuPAC+o=",
    "user_type": 0,
    "email": "diz17_2_3@mail.com",
    "first_name": "\u0420\u0438\u0430\u043d\u0430",
    "second_name": "\u0421\u0438\u0434\u043e\u0440\u043e\u0432\u0430",
    "middle_name": "\u0421\u0442\u0435\u043f\u0430\u043d\u043e\u0432\u043d\u0430",
    "avatar": "",
    "gender": "female",
    "birthday": null,
    "education": 2,
    "phone_number": "",
    "data_joined": "2020-04-27T15:52:44.003Z",
    "last_login": "2020-04-27",
    "group": 6,
    "job_position": null,
    "active": true,
    "staff": false,
    "admin": false,
    "superuser": false,
    "groups": [],
    "user_permissions": []
  }
},
{
  "model": "accounts.user",
  "pk": 55,
  "fields": {
    "password": "pbkdf2_sha256$150000$9YDAkV76Gpyc$FyBNGusJrFsH7ucFszOHxPNqfhpcn37IF55wQg10UL8=",
    "user_type": 0,
    "email": "diz17_2_4@mail.com",
    "first_name": "\u0412\u0435\u0440\u043e\u043d\u0430",
    "second_name": "\u0411\u043b\u0438\u043d\u043e\u0432\u0430",
    "middle_name": "\u0420\u0443\u0434\u043e\u043b\u044c\u0444\u043e\u0432\u043d\u0430",
    "avatar": "",
    "gender": "female",
    "birthday": null,
    "education": 2,
    "phone_number": "",
    "data_joined": "2020-04-27T15:53:34.177Z",
    "last_login": "2020-04-27",
    "group": 6,
    "job_position": null,
    "active": true,
    "staff": false,
    "admin": false,
    "superuser": false,
    "groups": [],
    "user_permissions": []
  }
},
{
  "model": "accounts.user",
  "pk": 56,
  "fields": {
    "password": "pbkdf2_sha256$150000$QhaNvaDdcBJF$kjVdro6mB7WzAJYxsP6zuCzmDb8atZS75RpUDHHqs9U=",
    "user_type": 0,
    "email": "diz17_2_5@mail.com",
    "first_name": "\u041b\u044e\u0431\u0430\u0432\u0430",
    "second_name": "\u0418\u0433\u043d\u0430\u0442\u044c\u0435\u0432\u0430",
    "middle_name": "\u0424\u0435\u0434\u043e\u0440\u043e\u0432\u043d\u0430",
    "avatar": "",
    "gender": "female",
    "birthday": null,
    "education": 2,
    "phone_number": "",
    "data_joined": "2020-04-27T15:55:18.105Z",
    "last_login": "2020-04-27",
    "group": 6,
    "job_position": null,
    "active": true,
    "staff": false,
    "admin": false,
    "superuser": false,
    "groups": [],
    "user_permissions": []
  }
},
{
  "model": "accounts.subject",
  "pk": 1,
  "fields": {
    "name": "\u041c\u0435\u043c\u043e\u043b\u043e\u0433\u0438\u044f",
    "specialization": 1,
    "lector": 2,
    "semestr_academic": 8,
    "course_of_teaching": 4
  }
},
{
  "model": "ejournal.attendance",
  "pk": 1,
  "fields": {
    "date_added": "2020-04-27T09:14:03.108Z",
    "student": 3,
    "subject": 1,
    "presence": true
  }
},
{
  "model": "ejournal.attendance",
  "pk": 2,
  "fields": {
    "date_added": "2020-04-27T09:14:03.741Z",
    "student": 3,
    "subject": 1,
    "presence": true
  }
},
{
  "model": "ejournal.attendance",
  "pk": 8,
  "fields": {
    "date_added": "2020-04-27T09:47:40.696Z",
    "student": 3,
    "subject": 1,
    "presence": true
  }
},
{
  "model": "ejournal.attendance",
  "pk": 9,
  "fields": {
    "date_added": "2020-04-27T09:47:40.852Z",
    "student": 3,
    "subject": 1,
    "presence": true
  }
},
{
  "model": "ejournal.requiredjournal",
  "pk": 1,
  "fields": {
    "user": 2,
    "course": 1,
    "group": 1,
    "subject": 1,
    "date_request": "2020-04-27T10:15:21.205Z"
  }
},
{
  "model": "admin.logentry",
  "pk": 1,
  "fields": {
    "action_time": "2020-04-27T09:08:27.289Z",
    "user": 1,
    "content_type": 3,
    "object_id": "1",
    "object_repr": "\u041a\u043e\u043c\u043f\u044c\u044e\u0442\u0435\u0440\u043d\u044b\u0435 \u041d\u0430\u0443\u043a\u0438",
    "action_flag": 1,
    "change_message": "[{\"added\": {}}]"
  }
},
{
  "model": "admin.logentry",
  "pk": 2,
  "fields": {
    "action_time": "2020-04-27T09:08:30.417Z",
    "user": 1,
    "content_type": 2,
    "object_id": "1",
    "object_repr": "\u041a16",
    "action_flag": 1,
    "change_message": "[{\"added\": {}}]"
  }
},
{
  "model": "admin.logentry",
  "pk": 3,
  "fields": {
    "action_time": "2020-04-27T09:08:34.430Z",
    "user": 1,
    "content_type": 6,
    "object_id": "1",
    "object_repr": "2",
    "action_flag": 1,
    "change_message": "[{\"added\": {}}]"
  }
},
{
  "model": "admin.logentry",
  "pk": 4,
  "fields": {
    "action_time": "2020-04-27T09:09:51.574Z",
    "user": 1,
    "content_type": 1,
    "object_id": "2",
    "object_repr": "\u0422\u043e\u043b\u0441\u0442\u043e\u0439 \u041d\u0438\u043a\u043e\u043b\u0430\u0439 \u0410\u043b\u0435\u043a\u0441\u0430\u043d\u0434\u0440\u043e\u0432\u0438\u0447",
    "action_flag": 1,
    "change_message": "[{\"added\": {}}]"
  }
},
{
  "model": "admin.logentry",
  "pk": 5,
  "fields": {
    "action_time": "2020-04-27T09:09:59.601Z",
    "user": 1,
    "content_type": 4,
    "object_id": "1",
    "object_repr": "\u041c\u0435\u043c\u043e\u043b\u043e\u0433\u0438\u044f",
    "action_flag": 1,
    "change_message": "[{\"added\": {}}]"
  }
},
{
  "model": "admin.logentry",
  "pk": 6,
  "fields": {
    "action_time": "2020-04-27T12:46:43.530Z",
    "user": 1,
    "content_type": 1,
    "object_id": "4",
    "object_repr": "\u0411\u043e\u0433\u0430\u0439\u0447\u0443\u043a \u041f\u043e\u043b\u0438\u043d\u0430 \u0421\u0435\u0440\u0433\u0435\u0435\u0432\u043d\u0430",
    "action_flag": 1,
    "change_message": "[{\"added\": {}}]"
  }
},
{
  "model": "admin.logentry",
  "pk": 7,
  "fields": {
    "action_time": "2020-04-27T12:47:52.072Z",
    "user": 1,
    "content_type": 1,
    "object_id": "5",
    "object_repr": "\u0412\u0430\u0445\u043d\u043e\u0432 \u0421\u0442\u0430\u043d\u0438\u0441\u043b\u0430\u0432 \u0421\u0442\u0430\u043d\u0438\u0441\u043b\u0430\u0432\u043e\u0432\u0438\u0447",
    "action_flag": 1,
    "change_message": "[{\"added\": {}}]"
  }
},
{
  "model": "admin.logentry",
  "pk": 8,
  "fields": {
    "action_time": "2020-04-27T12:48:39.358Z",
    "user": 1,
    "content_type": 1,
    "object_id": "5",
    "object_repr": "\u0412\u0430\u0445\u043d\u043e\u0432 \u0421\u0442\u0430\u043d\u0438\u0441\u043b\u0430\u0432 \u0421\u0442\u0430\u043d\u0438\u0441\u043b\u0430\u0432\u043e\u0432\u0438\u0447",
    "action_flag": 2,
    "change_message": "[]"
  }
},
{
  "model": "admin.logentry",
  "pk": 9,
  "fields": {
    "action_time": "2020-04-27T12:48:41.714Z",
    "user": 1,
    "content_type": 1,
    "object_id": "5",
    "object_repr": "\u0412\u0430\u0445\u043d\u043e\u0432 \u0421\u0442\u0430\u043d\u0438\u0441\u043b\u0430\u0432 \u0421\u0442\u0430\u043d\u0438\u0441\u043b\u0430\u0432\u043e\u0432\u0438\u0447",
    "action_flag": 2,
    "change_message": "[]"
  }
},
{
  "model": "admin.logentry",
  "pk": 10,
  "fields": {
    "action_time": "2020-04-27T12:49:22.546Z",
    "user": 1,
    "content_type": 1,
    "object_id": "6",
    "object_repr": "\u0418\u0432\u0430\u0449\u0435\u043d\u043a\u043e \u041d\u0438\u043a\u043e\u043b\u0430\u0439 \u0410\u043b\u0435\u043a\u0441\u0430\u043d\u0434\u0440\u043e\u0432\u0438\u0447",
    "action_flag": 1,
    "change_message": "[{\"added\": {}}]"
  }
},
{
  "model": "admin.logentry",
  "pk": 11,
  "fields": {
    "action_time": "2020-04-27T12:49:59.746Z",
    "user": 1,
    "content_type": 1,
    "object_id": "7",
    "object_repr": "\u041a\u043e\u043d\u044e\u0449\u0438\u043d\u0441\u043a\u0438\u0439 \u0415\u0432\u0433\u0435\u043d\u0438\u0439 \u0410\u043b\u0435\u043a\u0441\u0435\u0435\u0432\u0438\u0447",
    "action_flag": 1,
    "change_message": "[{\"added\": {}}]"
  }
},
{
  "model": "admin.logentry",
  "pk": 12,
  "fields": {
    "action_time": "2020-04-27T12:53:40.747Z",
    "user": 1,
    "content_type": 1,
    "object_id": "8",
    "object_repr": "\u041f\u0435\u0440\u043e\u0432 \u042e\u043b\u0438\u0430\u043d \u041d\u0438\u043a\u043e\u043b\u0430\u0435\u0432\u0438\u0447",
    "action_flag": 1,
    "change_message": "[{\"added\": {}}]"
  }
},
{
  "model": "admin.logentry",
  "pk": 13,
  "fields": {
    "action_time": "2020-04-27T12:55:35.710Z",
    "user": 1,
    "content_type": 1,
    "object_id": "9",
    "object_repr": "\u042f\u0440\u043e\u0448\u0435\u0432\u0441\u043a\u0438\u0439 \u0410\u043b\u0435\u043a\u0441\u0430\u043d\u0434\u0440 \u0410\u043b\u0435\u043a\u0441\u0430\u043d\u0434\u0440\u043e\u0432\u0438\u0447",
    "action_flag": 1,
    "change_message": "[{\"added\": {}}]"
  }
},
{
  "model": "admin.logentry",
  "pk": 14,
  "fields": {
    "action_time": "2020-04-27T12:56:28.836Z",
    "user": 1,
    "content_type": 1,
    "object_id": "10",
    "object_repr": "\u0416\u0443\u0440\u0430 \u0412\u044f\u0447\u0435\u0441\u043b\u0430\u0432 \u0412\u044f\u0447\u0435\u0441\u043b\u0430\u0432\u043e\u0432\u0438\u0447",
    "action_flag": 1,
    "change_message": "[{\"added\": {}}]"
  }
},
{
  "model": "admin.logentry",
  "pk": 15,
  "fields": {
    "action_time": "2020-04-27T12:57:00.585Z",
    "user": 1,
    "content_type": 1,
    "object_id": "11",
    "object_repr": "\u041f\u043e\u043f\u043b\u0430\u0432\u0441\u043a\u0438\u0439 \u041d\u0438\u043a\u0438\u0442\u0430 \u0410\u043b\u0435\u043a\u0441\u0435\u0435\u0432\u0438\u0447",
    "action_flag": 1,
    "change_message": "[{\"added\": {}}]"
  }
},
{
  "model": "admin.logentry",
  "pk": 16,
  "fields": {
    "action_time": "2020-04-27T12:57:45.114Z",
    "user": 1,
    "content_type": 1,
    "object_id": "12",
    "object_repr": "\u041e\u0441\u0430\u0434\u0447\u0443\u043a \u041c\u0430\u043a\u0441\u0438\u043c \u041c\u0430\u043a\u0441\u0438\u043c\u043e\u0432\u0438\u0447",
    "action_flag": 1,
    "change_message": "[{\"added\": {}}]"
  }
},
{
  "model": "admin.logentry",
  "pk": 17,
  "fields": {
    "action_time": "2020-04-27T12:57:54.536Z",
    "user": 1,
    "content_type": 6,
    "object_id": "2",
    "object_repr": "1",
    "action_flag": 1,
    "change_message": "[{\"added\": {}}]"
  }
},
{
  "model": "admin.logentry",
  "pk": 18,
  "fields": {
    "action_time": "2020-04-27T13:00:39.194Z",
    "user": 1,
    "content_type": 1,
    "object_id": "13",
    "object_repr": "\u0414\u0443\u0431\u043e\u0432\u043e\u0439 \u0410\u043b\u0435\u043a\u0441\u0435\u0439 \u0410\u043b\u0435\u043a\u0441\u0435\u0435\u0432\u0438\u0447",
    "action_flag": 1,
    "change_message": "[{\"added\": {}}]"
  }
},
{
  "model": "admin.logentry",
  "pk": 19,
  "fields": {
    "action_time": "2020-04-27T13:01:14.634Z",
    "user": 1,
    "content_type": 1,
    "object_id": "14",
    "object_repr": "\u041b\u044f\u0445\u043e\u0432 \u041a\u043e\u043d\u0441\u0442\u0430\u043d\u0442\u0438\u043d \u041a\u043e\u043d\u0441\u0442\u0430\u043d\u0442\u0438\u043d\u043e\u0432\u0438\u0447",
    "action_flag": 1,
    "change_message": "[{\"added\": {}}]"
  }
},
{
  "model": "admin.logentry",
  "pk": 20,
  "fields": {
    "action_time": "2020-04-27T13:02:11.711Z",
    "user": 1,
    "content_type": 1,
    "object_id": "15",
    "object_repr": "\u0424\u043e\u043c\u0435\u043d\u043a\u043e \u041a\u043e\u043d\u0441\u0442\u0430\u043d\u0442\u0438\u043d \u041a\u043e\u043d\u0441\u0442\u0430\u043d\u0442\u0438\u043d\u043e\u0432\u0438\u0447",
    "action_flag": 1,
    "change_message": "[{\"added\": {}}]"
  }
},
{
  "model": "admin.logentry",
  "pk": 21,
  "fields": {
    "action_time": "2020-04-27T13:03:40.537Z",
    "user": 1,
    "content_type": 1,
    "object_id": "16",
    "object_repr": "\u0422\u0440\u0438\u0444\u043e\u043d\u043e\u0432 \u0410\u043b\u0435\u043a\u0441\u0435\u0439 \u0410\u043b\u0435\u043a\u0441\u0435\u0435\u0432\u0438\u0447",
    "action_flag": 1,
    "change_message": "[{\"added\": {}}]"
  }
},
{
  "model": "admin.logentry",
  "pk": 22,
  "fields": {
    "action_time": "2020-04-27T13:05:06.533Z",
    "user": 1,
    "content_type": 1,
    "object_id": "17",
    "object_repr": "\u0414\u0438\u043c\u043e\u0432 \u0410\u043b\u0435\u043a\u0441\u0430\u043d\u0434\u0440 \u0410\u043b\u0435\u043a\u0441\u0430\u043d\u0434\u0440\u043e\u0432\u0438\u0447",
    "action_flag": 1,
    "change_message": "[{\"added\": {}}]"
  }
},
{
  "model": "admin.logentry",
  "pk": 23,
  "fields": {
    "action_time": "2020-04-27T13:05:51.699Z",
    "user": 1,
    "content_type": 1,
    "object_id": "18",
    "object_repr": "\u0412\u043e\u043b\u043e\u0448\u0438\u043d\u0430 \u0410\u043d\u0430\u0441\u0442\u0430\u0441\u0438\u044f \u041a\u043e\u043d\u0441\u0442\u0430\u043d\u0442\u0438\u043d\u043e\u0432\u043d\u0430",
    "action_flag": 1,
    "change_message": "[{\"added\": {}}]"
  }
},
{
  "model": "admin.logentry",
  "pk": 24,
  "fields": {
    "action_time": "2020-04-27T13:07:28.503Z",
    "user": 1,
    "content_type": 1,
    "object_id": "19",
    "object_repr": "\u0424\u0443\u0441\u0442\u0438\u0439 \u0414\u0436\u0443\u043b\u044c\u0435\u0442\u0442\u0430 \u041d\u0438\u043a\u043e\u043b\u0430\u0435\u0432\u043d\u0430",
    "action_flag": 1,
    "change_message": "[{\"added\": {}}]"
  }
},
{
  "model": "admin.logentry",
  "pk": 25,
  "fields": {
    "action_time": "2020-04-27T13:15:50.279Z",
    "user": 1,
    "content_type": 1,
    "object_id": "20",
    "object_repr": "\u041e\u043a\u0443\u043b\u043e\u0432\u0430 \u041b\u0435\u0440\u0430 \u041a\u043e\u043d\u0441\u0442\u0430\u043d\u0442\u0438\u043d\u043e\u0432\u043d\u0430",
    "action_flag": 1,
    "change_message": "[{\"added\": {}}]"
  }
},
{
  "model": "admin.logentry",
  "pk": 26,
  "fields": {
    "action_time": "2020-04-27T13:16:53.563Z",
    "user": 1,
    "content_type": 1,
    "object_id": "21",
    "object_repr": "\u0414\u043e\u0441\u0442\u043e\u0435\u0432\u0441\u043a\u0438\u0439 \u041f\u0430\u0432\u0435\u043b \u041f\u0430\u0432\u043b\u043e\u0432\u0438\u0447",
    "action_flag": 1,
    "change_message": "[{\"added\": {}}]"
  }
},
{
  "model": "admin.logentry",
  "pk": 27,
  "fields": {
    "action_time": "2020-04-27T13:19:04.131Z",
    "user": 1,
    "content_type": 1,
    "object_id": "22",
    "object_repr": "\u041d\u0438\u043a\u043e\u043b\u0430\u0435\u0432\u0430 \u0415\u043b\u0435\u043d\u0430 \u0412\u043b\u0430\u0434\u0438\u043c\u0438\u0440\u043e\u0432\u043d\u0430",
    "action_flag": 1,
    "change_message": "[{\"added\": {}}]"
  }
},
{
  "model": "admin.logentry",
  "pk": 28,
  "fields": {
    "action_time": "2020-04-27T13:26:37.518Z",
    "user": 1,
    "content_type": 1,
    "object_id": "23",
    "object_repr": "\u0421\u0435\u043c\u0435\u043d\u044e\u043a \u0410\u043d\u0442\u043e\u043d \u042e\u0440\u044c\u0435\u0432\u0438\u0447",
    "action_flag": 1,
    "change_message": "[{\"added\": {}}]"
  }
},
{
  "model": "admin.logentry",
  "pk": 29,
  "fields": {
    "action_time": "2020-04-27T13:28:35.128Z",
    "user": 1,
    "content_type": 1,
    "object_id": "24",
    "object_repr": "\u0411\u0430\u043d\u043e\u0432\u0430 \u041d\u0430\u0442\u0430\u043b\u044c\u044f \u0412\u0438\u043a\u0442\u043e\u0440\u043e\u0432\u043d\u0430",
    "action_flag": 1,
    "change_message": "[{\"added\": {}}]"
  }
},
{
  "model": "admin.logentry",
  "pk": 30,
  "fields": {
    "action_time": "2020-04-27T13:29:20.427Z",
    "user": 1,
    "content_type": 1,
    "object_id": "25",
    "object_repr": "\u041a\u0430\u0440\u0430\u0432\u0430\u0435\u0432\u0430 \u041d\u0430\u0442\u0430\u043b\u044c\u044f \u0412\u0438\u043a\u0442\u043e\u0440\u043e\u0432\u043d\u0430",
    "action_flag": 1,
    "change_message": "[{\"added\": {}}]"
  }
},
{
  "model": "admin.logentry",
  "pk": 31,
  "fields": {
    "action_time": "2020-04-27T13:30:08.258Z",
    "user": 1,
    "content_type": 1,
    "object_id": "26",
    "object_repr": "\u0418\u0432\u0430\u043d\u0447\u0435\u043d\u043a\u043e \u0422\u0430\u0442\u044c\u044f\u043d\u0430 \u0412\u0430\u0441\u0438\u043b\u044c\u0435\u0432\u043d\u0430",
    "action_flag": 1,
    "change_message": "[{\"added\": {}}]"
  }
},
{
  "model": "admin.logentry",
  "pk": 32,
  "fields": {
    "action_time": "2020-04-27T13:30:39.077Z",
    "user": 1,
    "content_type": 3,
    "object_id": "2",
    "object_repr": "\u0414\u0438\u0437\u0430\u0439\u043d",
    "action_flag": 1,
    "change_message": "[{\"added\": {}}]"
  }
},
{
  "model": "admin.logentry",
  "pk": 33,
  "fields": {
    "action_time": "2020-04-27T13:54:15.923Z",
    "user": 1,
    "content_type": 2,
    "object_id": "2",
    "object_repr": "\u041416",
    "action_flag": 1,
    "change_message": "[{\"added\": {}}]"
  }
},
{
  "model": "admin.logentry",
  "pk": 34,
  "fields": {
    "action_time": "2020-04-27T13:54:30.289Z",
    "user": 1,
    "content_type": 2,
    "object_id": "3",
    "object_repr": "\u041417",
    "action_flag": 1,
    "change_message": "[{\"added\": {}}]"
  }
},
{
  "model": "admin.logentry",
  "pk": 35,
  "fields": {
    "action_time": "2020-04-27T13:54:45.370Z",
    "user": 1,
    "content_type": 2,
    "object_id": "4",
    "object_repr": "\u041a17",
    "action_flag": 1,
    "change_message": "[{\"added\": {}}]"
  }
},
{
  "model": "admin.logentry",
  "pk": 36,
  "fields": {
    "action_time": "2020-04-27T13:54:54.803Z",
    "user": 1,
    "content_type": 2,
    "object_id": "5",
    "object_repr": "\u041418",
    "action_flag": 1,
    "change_message": "[{\"added\": {}}]"
  }
},
{
  "model": "admin.logentry",
  "pk": 37,
  "fields": {
    "action_time": "2020-04-27T13:55:03.257Z",
    "user": 1,
    "content_type": 2,
    "object_id": "6",
    "object_repr": "\u041a18",
    "action_flag": 1,
    "change_message": "[{\"added\": {}}]"
  }
},
{
  "model": "admin.logentry",
  "pk": 38,
  "fields": {
    "action_time": "2020-04-27T13:55:17.591Z",
    "user": 1,
    "content_type": 2,
    "object_id": "7",
    "object_repr": "\u041419",
    "action_flag": 1,
    "change_message": "[{\"added\": {}}]"
  }
},
{
  "model": "admin.logentry",
  "pk": 39,
  "fields": {
    "action_time": "2020-04-27T13:55:25.357Z",
    "user": 1,
    "content_type": 2,
    "object_id": "8",
    "object_repr": "\u041a19",
    "action_flag": 1,
    "change_message": "[{\"added\": {}}]"
  }
},
{
  "model": "admin.logentry",
  "pk": 40,
  "fields": {
    "action_time": "2020-04-27T13:57:31.833Z",
    "user": 1,
    "content_type": 6,
    "object_id": "3",
    "object_repr": "1",
    "action_flag": 1,
    "change_message": "[{\"added\": {}}]"
  }
},
{
  "model": "admin.logentry",
  "pk": 41,
  "fields": {
    "action_time": "2020-04-27T13:57:36.957Z",
    "user": 1,
    "content_type": 6,
    "object_id": "4",
    "object_repr": "2",
    "action_flag": 1,
    "change_message": "[{\"added\": {}}]"
  }
},
{
  "model": "admin.logentry",
  "pk": 42,
  "fields": {
    "action_time": "2020-04-27T13:57:44.952Z",
    "user": 1,
    "content_type": 6,
    "object_id": "5",
    "object_repr": "1",
    "action_flag": 1,
    "change_message": "[{\"added\": {}}]"
  }
},
{
  "model": "admin.logentry",
  "pk": 43,
  "fields": {
    "action_time": "2020-04-27T13:57:49.090Z",
    "user": 1,
    "content_type": 6,
    "object_id": "6",
    "object_repr": "2",
    "action_flag": 1,
    "change_message": "[{\"added\": {}}]"
  }
},
{
  "model": "admin.logentry",
  "pk": 44,
  "fields": {
    "action_time": "2020-04-27T13:57:54.336Z",
    "user": 1,
    "content_type": 6,
    "object_id": "7",
    "object_repr": "1",
    "action_flag": 1,
    "change_message": "[{\"added\": {}}]"
  }
},
{
  "model": "admin.logentry",
  "pk": 45,
  "fields": {
    "action_time": "2020-04-27T13:58:00.084Z",
    "user": 1,
    "content_type": 6,
    "object_id": "8",
    "object_repr": "2",
    "action_flag": 1,
    "change_message": "[{\"added\": {}}]"
  }
},
{
  "model": "admin.logentry",
  "pk": 46,
  "fields": {
    "action_time": "2020-04-27T14:28:24.443Z",
    "user": 1,
    "content_type": 1,
    "object_id": "27",
    "object_repr": "\u0424\u0440\u043e\u043b\u043e\u0432 \u0418\u0431\u0440\u0430\u0433\u0438\u043b \u041f\u0430\u0432\u043b\u043e\u0432\u0438\u0447",
    "action_flag": 1,
    "change_message": "[{\"added\": {}}]"
  }
},
{
  "model": "admin.logentry",
  "pk": 47,
  "fields": {
    "action_time": "2020-04-27T14:29:15.270Z",
    "user": 1,
    "content_type": 1,
    "object_id": "28",
    "object_repr": "\u041a\u0430\u0440\u043f\u043e\u0432 \u0410\u043d\u0430\u0442\u0430\u043b\u0438\u0439 \u0423\u043b\u0435\u0431\u043e\u0432\u0438\u0447",
    "action_flag": 1,
    "change_message": "[{\"added\": {}}]"
  }
},
{
  "model": "admin.logentry",
  "pk": 48,
  "fields": {
    "action_time": "2020-04-27T14:30:01.337Z",
    "user": 1,
    "content_type": 1,
    "object_id": "29",
    "object_repr": "\u041a\u043e\u043b\u0435\u0441\u043d\u0438\u043a\u043e\u0432 \u0412\u0430\u0441\u0438\u043b\u0438\u0439 \u0414\u0435\u043c\u044c\u044f\u043d\u043e\u0432\u0438\u0447",
    "action_flag": 1,
    "change_message": "[{\"added\": {}}]"
  }
},
{
  "model": "admin.logentry",
  "pk": 49,
  "fields": {
    "action_time": "2020-04-27T14:31:34.008Z",
    "user": 1,
    "content_type": 1,
    "object_id": "30",
    "object_repr": "\u041f\u0440\u043e\u0445\u043e\u0440\u043e\u0432\u0430 \u041c\u0443\u0437\u0430 \u0424\u0435\u0434\u043e\u0441\u0435\u0435\u0432\u043d\u0430",
    "action_flag": 1,
    "change_message": "[{\"added\": {}}]"
  }
},
{
  "model": "admin.logentry",
  "pk": 50,
  "fields": {
    "action_time": "2020-04-27T14:32:10.781Z",
    "user": 1,
    "content_type": 1,
    "object_id": "31",
    "object_repr": "\u0415\u0432\u0441\u0435\u0435\u0432\u0430 \u0412\u0435\u0440\u043e\u043d\u0438\u043a\u0430 \u0412\u0438\u043a\u0442\u043e\u0440\u043e\u0432\u043d\u0430",
    "action_flag": 1,
    "change_message": "[{\"added\": {}}]"
  }
},
{
  "model": "admin.logentry",
  "pk": 51,
  "fields": {
    "action_time": "2020-04-27T14:33:12.684Z",
    "user": 1,
    "content_type": 1,
    "object_id": "32",
    "object_repr": "\u041c\u0430\u043a\u0441\u0438\u043c\u043e\u0432 \u041f\u0440\u043e\u0445\u043e\u0440 \u041c\u0430\u0440\u0442\u044b\u043d\u043e\u0432\u0438\u0447",
    "action_flag": 1,
    "change_message": "[{\"added\": {}}]"
  }
},
{
  "model": "admin.logentry",
  "pk": 52,
  "fields": {
    "action_time": "2020-04-27T14:33:47.989Z",
    "user": 1,
    "content_type": 1,
    "object_id": "33",
    "object_repr": "\u0424\u043e\u043c\u0438\u0447\u0451\u0432 \u0411\u043e\u0433\u0434\u0430\u043d \u0421\u0442\u0430\u043d\u0438\u0441\u043b\u0430\u0432\u043e\u0432\u0438\u0447",
    "action_flag": 1,
    "change_message": "[{\"added\": {}}]"
  }
},
{
  "model": "admin.logentry",
  "pk": 53,
  "fields": {
    "action_time": "2020-04-27T14:34:37.410Z",
    "user": 1,
    "content_type": 1,
    "object_id": "34",
    "object_repr": "\u041e\u0440\u0435\u0445\u043e\u0432 \u0421\u0435\u0440\u0433\u0435\u0439 \u0410\u0440\u0438\u0441\u0442\u0430\u0440\u0445\u043e\u0432\u0438\u0447",
    "action_flag": 1,
    "change_message": "[{\"added\": {}}]"
  }
},
{
  "model": "admin.logentry",
  "pk": 54,
  "fields": {
    "action_time": "2020-04-27T14:35:41.812Z",
    "user": 1,
    "content_type": 1,
    "object_id": "35",
    "object_repr": "\u041c\u043e\u0440\u043e\u0437\u043e\u0432\u0430 \u0410\u0437\u0430\u043b\u0438\u044f \u0413\u0435\u043d\u043d\u0430\u0434\u0438\u0435\u0432\u043d\u0430",
    "action_flag": 1,
    "change_message": "[{\"added\": {}}]"
  }
},
{
  "model": "admin.logentry",
  "pk": 55,
  "fields": {
    "action_time": "2020-04-27T14:36:10.963Z",
    "user": 1,
    "content_type": 1,
    "object_id": "36",
    "object_repr": "\u0411\u0435\u043b\u044f\u0435\u0432\u0430 \u041c\u0430\u043b\u044c\u0442\u0430 \u0412\u043b\u0430\u0434\u0438\u043c\u0438\u0440\u043e\u0432\u043d\u0430",
    "action_flag": 1,
    "change_message": "[{\"added\": {}}]"
  }
},
{
  "model": "admin.logentry",
  "pk": 56,
  "fields": {
    "action_time": "2020-04-27T14:50:46.592Z",
    "user": 1,
    "content_type": 1,
    "object_id": "37",
    "object_repr": "\u0411\u0430\u043d\u043d\u0438\u043a \u0418\u0440\u0438\u043d\u0430 \u0410\u043b\u0435\u043a\u0441\u0435\u0435\u0432\u0430",
    "action_flag": 1,
    "change_message": "[{\"added\": {}}]"
  }
},
{
  "model": "admin.logentry",
  "pk": 57,
  "fields": {
    "action_time": "2020-04-27T14:51:18.604Z",
    "user": 1,
    "content_type": 1,
    "object_id": "38",
    "object_repr": "\u0411\u0430\u0440\u0430\u043d\u044e\u043a \u0412\u0430\u043b\u0435\u0440\u0438\u044f \u0410\u043b\u0435\u043a\u0441\u0430\u043d\u0434\u0440\u043e\u0432\u043d\u0430",
    "action_flag": 1,
    "change_message": "[{\"added\": {}}]"
  }
},
{
  "model": "admin.logentry",
  "pk": 58,
  "fields": {
    "action_time": "2020-04-27T14:52:10.523Z",
    "user": 1,
    "content_type": 1,
    "object_id": "39",
    "object_repr": "\u0412\u0430\u0441\u0438\u043b\u0438\u043a \u041f\u0451\u0442\u0440 \u0412\u0438\u0442\u0430\u043b\u044c\u0435\u0432\u0438\u0447",
    "action_flag": 1,
    "change_message": "[{\"added\": {}}]"
  }
},
{
  "model": "admin.logentry",
  "pk": 59,
  "fields": {
    "action_time": "2020-04-27T14:53:02.261Z",
    "user": 1,
    "content_type": 1,
    "object_id": "40",
    "object_repr": "\u041a\u043e\u0437\u0430\u043a \u0410\u043b\u0435\u043a\u0441\u0435\u0439 \u0410\u043b\u0435\u043a\u0441\u0435\u0435\u0432\u0438\u0447",
    "action_flag": 1,
    "change_message": "[{\"added\": {}}]"
  }
},
{
  "model": "admin.logentry",
  "pk": 60,
  "fields": {
    "action_time": "2020-04-27T14:53:34.664Z",
    "user": 1,
    "content_type": 1,
    "object_id": "41",
    "object_repr": "\u0420\u044f\u0431\u0447\u0443\u043a \u042f\u0440\u043e\u0441\u043b\u0430\u0432 \u0412\u0438\u0442\u0430\u043b\u044c\u0435\u0432\u0438\u0447",
    "action_flag": 1,
    "change_message": "[{\"added\": {}}]"
  }
},
{
  "model": "admin.logentry",
  "pk": 61,
  "fields": {
    "action_time": "2020-04-27T15:43:20.389Z",
    "user": 1,
    "content_type": 1,
    "object_id": "42",
    "object_repr": "\u0412\u0438\u0442\u0430\u043b\u0438\u0439 \u041a\u0438\u0441\u0435\u043b\u0435\u0432 \u0421\u0435\u0440\u0433\u0435\u0435\u0432\u0438\u0447",
    "action_flag": 1,
    "change_message": "[{\"added\": {}}]"
  }
},
{
  "model": "admin.logentry",
  "pk": 62,
  "fields": {
    "action_time": "2020-04-27T15:43:47.339Z",
    "user": 1,
    "content_type": 1,
    "object_id": "43",
    "object_repr": "\u0410\u043b\u0435\u043a\u0441\u0430\u043d\u0434\u0440\u043e \u0416\u0435\u0440\u0435\u0431\u0438\u043b\u043e \u0420\u043e\u043c\u0430\u043d\u043e\u0432\u0438\u0447",
    "action_flag": 1,
    "change_message": "[{\"added\": {}}]"
  }
},
{
  "model": "admin.logentry",
  "pk": 63,
  "fields": {
    "action_time": "2020-04-27T15:44:23.700Z",
    "user": 1,
    "content_type": 1,
    "object_id": "44",
    "object_repr": "\u0414\u043c\u0438\u043d\u0442\u0440\u0438\u0439 \u041a\u0443\u043a\u0443\u0448\u043a\u0438\u043d \u0410\u043b\u0435\u043a\u0441\u0430\u043d\u0434\u0440\u043e\u0432\u0438\u0447",
    "action_flag": 1,
    "change_message": "[{\"added\": {}}]"
  }
},
{
  "model": "admin.logentry",
  "pk": 64,
  "fields": {
    "action_time": "2020-04-27T15:45:06.876Z",
    "user": 1,
    "content_type": 1,
    "object_id": "45",
    "object_repr": "\u041d\u0438\u043a\u043e\u043b\u0430\u0439 \u041a\u0430\u043b\u0438\u0442\u0430 \u0412\u0438\u0442\u0430\u043b\u044c\u0435\u0432\u0438\u0447",
    "action_flag": 1,
    "change_message": "[{\"added\": {}}]"
  }
},
{
  "model": "admin.logentry",
  "pk": 65,
  "fields": {
    "action_time": "2020-04-27T15:45:48.649Z",
    "user": 1,
    "content_type": 1,
    "object_id": "46",
    "object_repr": "\u0414\u043e\u043a\u0443\u0447\u0430\u0435\u0432 \u0410\u043d\u0434\u0440\u0435\u0439 \u0412\u0438\u043a\u0442\u043e\u0440\u043e\u0432\u0438\u0447",
    "action_flag": 1,
    "change_message": "[{\"added\": {}}]"
  }
},
{
  "model": "admin.logentry",
  "pk": 66,
  "fields": {
    "action_time": "2020-04-27T15:47:59.367Z",
    "user": 1,
    "content_type": 1,
    "object_id": "47",
    "object_repr": "\u0412\u043e\u0440\u043e\u0431\u044c\u0451\u0432\u0430 \u0412\u0430\u0441\u0438\u043b\u0438\u0441\u0430 \u0412\u0430\u043b\u0435\u043d\u0442\u0438\u043d\u043e\u0432\u043d\u0430",
    "action_flag": 1,
    "change_message": "[{\"added\": {}}]"
  }
},
{
  "model": "admin.logentry",
  "pk": 67,
  "fields": {
    "action_time": "2020-04-27T15:48:31.805Z",
    "user": 1,
    "content_type": 1,
    "object_id": "48",
    "object_repr": "\u041b\u0438\u0445\u0430\u0447\u0451\u0432\u0430 \u041b\u0435\u044f \u0424\u0438\u043b\u0438\u043f\u043f\u043e\u0432\u043d\u0430",
    "action_flag": 1,
    "change_message": "[{\"added\": {}}]"
  }
},
{
  "model": "admin.logentry",
  "pk": 68,
  "fields": {
    "action_time": "2020-04-27T15:49:00.049Z",
    "user": 1,
    "content_type": 1,
    "object_id": "49",
    "object_repr": "\u041a\u0430\u043b\u0438\u043d\u0438\u043d\u0430 \u0410\u043b\u0438\u043a\u0430 \u0412\u043b\u0430\u0434\u043b\u0435\u043d\u043e\u0432\u043d\u0430",
    "action_flag": 1,
    "change_message": "[{\"added\": {}}]"
  }
},
{
  "model": "admin.logentry",
  "pk": 69,
  "fields": {
    "action_time": "2020-04-27T15:49:46.624Z",
    "user": 1,
    "content_type": 1,
    "object_id": "50",
    "object_repr": "\u0421\u0435\u043c\u0451\u043d\u043e\u0432\u043d\u0430 \u041c\u0438\u043b\u0430 \u0413\u0435\u043d\u043d\u0430\u043b\u044c\u0435\u0432\u043d\u0430",
    "action_flag": 1,
    "change_message": "[{\"added\": {}}]"
  }
},
{
  "model": "admin.logentry",
  "pk": 70,
  "fields": {
    "action_time": "2020-04-27T15:50:33.210Z",
    "user": 1,
    "content_type": 1,
    "object_id": "51",
    "object_repr": "\u041d\u043e\u0441\u043e\u0432\u0430 \u0415\u0432\u0434\u043e\u043a\u0438\u044f \u041b\u0443\u043a\u044c\u044f\u043d\u043e\u0432\u043d\u0430",
    "action_flag": 1,
    "change_message": "[{\"added\": {}}]"
  }
},
{
  "model": "admin.logentry",
  "pk": 71,
  "fields": {
    "action_time": "2020-04-27T15:51:25.200Z",
    "user": 1,
    "content_type": 1,
    "object_id": "52",
    "object_repr": "\u0421\u0435\u043b\u0435\u0437\u043d\u0451\u0432\u0430 \u0412\u0438\u043a\u0442\u043e\u0440\u0438\u044f \u0410\u0432\u043a\u0441\u0435\u043d\u0442\u044c\u0435\u0432\u043d\u0430",
    "action_flag": 1,
    "change_message": "[{\"added\": {}}]"
  }
},
{
  "model": "admin.logentry",
  "pk": 72,
  "fields": {
    "action_time": "2020-04-27T15:51:57.259Z",
    "user": 1,
    "content_type": 1,
    "object_id": "53",
    "object_repr": "\u041c\u0435\u043b\u044c\u043d\u0438\u043a\u043e\u0432\u0430 \u0421\u0430\u0431\u0440\u0438\u043d\u0430 \u0415\u0433\u043e\u0440\u043e\u0432\u043d\u0430",
    "action_flag": 1,
    "change_message": "[{\"added\": {}}]"
  }
},
{
  "model": "admin.logentry",
  "pk": 73,
  "fields": {
    "action_time": "2020-04-27T15:52:44.004Z",
    "user": 1,
    "content_type": 1,
    "object_id": "54",
    "object_repr": "\u0421\u0438\u0434\u043e\u0440\u043e\u0432\u0430 \u0420\u0438\u0430\u043d\u0430 \u0421\u0442\u0435\u043f\u0430\u043d\u043e\u0432\u043d\u0430",
    "action_flag": 1,
    "change_message": "[{\"added\": {}}]"
  }
},
{
  "model": "admin.logentry",
  "pk": 74,
  "fields": {
    "action_time": "2020-04-27T15:53:34.178Z",
    "user": 1,
    "content_type": 1,
    "object_id": "55",
    "object_repr": "\u0411\u043b\u0438\u043d\u043e\u0432\u0430 \u0412\u0435\u0440\u043e\u043d\u0430 \u0420\u0443\u0434\u043e\u043b\u044c\u0444\u043e\u0432\u043d\u0430",
    "action_flag": 1,
    "change_message": "[{\"added\": {}}]"
  }
},
{
  "model": "admin.logentry",
  "pk": 75,
  "fields": {
    "action_time": "2020-04-27T15:55:18.106Z",
    "user": 1,
    "content_type": 1,
    "object_id": "56",
    "object_repr": "\u0418\u0433\u043d\u0430\u0442\u044c\u0435\u0432\u0430 \u041b\u044e\u0431\u0430\u0432\u0430 \u0424\u0435\u0434\u043e\u0440\u043e\u0432\u043d\u0430",
    "action_flag": 1,
    "change_message": "[{\"added\": {}}]"
  }
}
]
